:020000040800F2
:10000000A01A0020D50000089D3600083124000801
:1000100000000000000000000000000000000000E0
:10002000000000000000000000000000B55D0008B6
:100030000000000000000000A55C0008B95D000899
:10004000E7000008E7000008A55D00089B0B00081A
:10005000E7000008650B0008750B0008850B000819
:1000600000000000E7000008990A0008E700000807
:10007000E7000008E700000800000000E7000008B3
:10008000000000006D5E000800000000000000009D
:100090005D5E000800000000E7000008352400084D
:1000A000E7000008E7000008E7000008E700000894
:1000B000E7000008E7000008000000000000000062
:1000C0000348854600F076FC00480047616E000852
:1000D000A01A00200448804704480047FEE7FEE7D6
:1000E000FEE7FEE7FEE7FEE7595E0008C1000008F4
:1000F00030B50B46014600202022012409E00D46C0
:10010000D5409D4205D31D469540491B2546954047
:1001100040191546521E002DF1DC30BD70B500248B
:100120002546002801DA01244042002901DA012590
:100130004942FFF7DDFFAC4200D04042002C00D026
:10014000494270BDF0B51FB40646002082B0054696
:100150004024019100901BE0019922460F46304651
:1001600000F030FB049A059B801A994110D3104689
:100170001946224600F016FB361A8F410197224697
:1001800001200021009F00F00DFB38184D41009028
:100190002046641E0028DFDC019B00982946324679
:1001A00007B0F0BD03460B439B0703D009E008C925
:1001B000121F08C0042AFAD203E00B780370401C17
:1001C000491C521EF9D27047D2B201E00270401CA5
:1001D000491EFBD270470022F6E710B513460A46C7
:1001E00004461946FFF7F0FF204610BD421C017877
:1001F000401C0029FBD1801A704710B5002200E096
:10020000521C835C8C5CA34201D1002BF8D1D8B284
:10021000E1B2401A10BD30B504460020034600E0AC
:100220005B1C934203D2E05CCD5C401BF8D030BD38
:10023000F8B502464A40D40F42004B0052085B0812
:100240009A4202D20246084611464A0023D0C30D04
:100250004A00DDB2120EAD1A202D35DA4902012610
:10026000490AF6058A19002C00D0524220214F1B62
:100270001146B9402A411018C20D9A4221D0002CD3
:1002800017D0012D08DCDA05801AD20F8019D207A9
:10029000DBB200F0C3FAF8BDDA05801A0123400092
:1002A0001B06C01880185A428018CA0F1043490014
:1002B00007E04908C2071143DA05801A801940088F
:1002C000801800F0A3FAF8BD61000122511A001B4A
:1002D000F7E70122D2075140AAE70122D207504096
:1002E000A6E7024670B54A40D30FDB0740002DD089
:1002F0004A002AD0010E140E000212020919400A07
:10030000520A8418E50104465443000A120A2E04D6
:100310005043A4194219200CC543AA18120C0125F8
:10032000AD03521C521912047F39240400D0521C10
:10033000104301D44000491EC2B20C06C009201867
:10034000401C4008802A02D003E0002070BD400815
:100350004000002900DA0020184370BD70B5024645
:100360004A40D50F40004A00ED07400852080028D7
:1003700014D0002A12D0C40DD30D41020120C005B3
:100380005202490A520AE41A091812187D3491429D
:1003900001D3641C00E04900002C01DA002070BD8C
:1003A0000023914201D3891A0343400849000028E1
:1003B000F7D100290AD0914202D10121C90705E0F5
:1003C000914201D2012101E00121C943E005C01899
:1003D000401900F01BFA70BDF0B5074608465840BA
:1003E00087B0C00F049048000E46590040084908E5
:1003F000BC1A884105D2384631461E4617460B4680
:1004000002465800400810434CD0300D0390400580
:100410005900400D490D0590401A0290402872DAAB
:1004200018030121000B090508430190049800926C
:10043000002805D001995242002088410092019085
:10044000029840210A1A0199009800F0ABF905467C
:100450000C466B4607CB00F0C6F9C0197141039AF0
:100460000E0D0023D71756401A467A40164344D043
:10047000049A002A2DD0029A012A039A15DC12054B
:10048000C01A914101263605001C7141D20F059E0C
:10049000D2070093019202962A46234600F004FAFE
:1004A00007B0F0BD38463146FAE71605224A0F4636
:1004B000B218C01AB74101210905001C4F410018AC
:1004C0007F41114618187941E20F10436D196441BC
:1004D00013E0E2076D0815436408C2071443039A4A
:1004E00001261205C01A91413605001C7141CE0744
:1004F000400830434908C01851412A46234600F0BD
:10050000C6F9CDE7FFE7049801224000C117121A8F
:1005100000238B4104983146C417381AA141EEE7F5
:1005200030B40124E407634030BC55E730B4012403
:10053000E407614030BC4FE70000E0FFF0B51FB4B6
:1005400088B00B990998002448400999C00F4900C8
:1005500049080991C0070B990090490049080B917F
:1005600009990898A64608431CD00B990A98084395
:1005700018D0099801244000420D4800410D099807
:1005800024050003000B204309900B980003000B87
:1005900020430B9050181C4940180022019014462B
:1005A000104605E0002001460DB0F0BD032801DA39
:1005B000034600E003239C46C11A0AAE0AE05F002E
:1005C00008ADED5B4F00F75B7D430027AA187C4127
:1005D000491C5B1E6145F2DD410004AB5A52210407
:1005E000120C0A43240C401C0828DFDB01980290FF
:1005F0000099704601910090059B049A079906980E
:1006000000F052F9D0E700000DFCFFFFF0B50C46FA
:100610005C4085B0E40FE40703944C0000266408B6
:1006200059009446490802460296224321D0624668
:100630000A431ED06200570D4A000E032303550DD6
:10064000012402462C492405781B1B0B360B40184D
:1006500023432643614600901C46501AB44103D3FD
:100660000098401C009002E0921800985B4100281E
:1006700003DA0020014605B0F0BD00200121090584
:100680000746864611E064461D46141BB54106D355
:100690006546521BB341744607430C43A646CD073B
:1006A00040084908284392185B4105460D43EAD1AA
:1006B0001046184313D06046194650407140084315
:1006C00006D06046101AB34106D20122002306E08C
:1006D00000220123DB0702E00122D24353100098DD
:1006E00074460105381C6141029C039D0019694153
:1006F00000F0CDF8BFE70000FD030000C217C10FF6
:10070000504010B54018CA079623002100F086F823
:1007100010BD10B500229623114600F07FF810BDE1
:10072000C20F410040020123400ADB05D207090E37
:10073000C0187F2901DA00207047962903DC962330
:10074000591AC84001E096398840002AF4D0404246
:100750007047C20FD207400040080BD0C10D0723DD
:10076000DB01C91840020905400A1143C2084007CD
:100770001143704700200146704700000122D20754
:10078000002800DB101A002900DB511A8142704753
:100790000122D207002800DB101A002900DB511AC1
:1007A0008842704710B5202A04DB0146203A914068
:1007B000002010BD914020239C1A0346E3401943BA
:1007C000904010BD10B5202A04DB0846203AD040E6
:1007D000002110BD0B46D340D0402024A21A9140E6
:1007E0000843194610BD10B5202A06DBCB17084672
:1007F000203A1041C1170B4306E00B461341D0408D
:100800002024A21A91400843194610BD002904DA99
:10081000401C490001D140084000704770B40024DA
:10082000050C05D11024000402D1002921D0112487
:10083000050E01D100020834050F01D10001241D6D
:10084000850F01D18000A41C002801DB4000641C3E
:10085000002908D020252E1B0D46F540A14000D0D0
:1008600001212943084301061B1B000ADB1D02D599
:10087000002070BC7047DB05181880180029F8DAD2
:10088000401C4900F5D170BC40084000704710B5CD
:10089000002B08DA0024401C614192185B411A4386
:1008A00001D14008400010BDF0B51FB482B005462C
:1008B0000C0003D0084605F0F9FB02E005F0F6FB5A
:1008C00020300246009021462846FFF76BFF049B2C
:1008D000059A04460F4618431143084314D018469E
:1008E00010431BD0009840210A1A18460599FFF7BB
:1008F00069FF05460E46009A05990498FFF752FFD6
:10090000084305D0012004E02046394607B0F0BD79
:100910000020C11705430E432C43374300990E981E
:100920006305401A7905E40A00220C43FD0A0A30E7
:1009300002D500200146E9E70105101969410C9C28
:100940000D9D00196941FFF7A2FFDFE74A00090387
:100950000123090B1B0519430A4B10B5520D9A428E
:1009600002DA0020014610BD064B34339A4203DC04
:100970009A1AFFF727FF10BD034BD218FFF712FF9B
:1009800010BD0000FF030000CDFBFFFF10B50029E4
:1009900004DB0124E40740428C412146002B04DBA8
:1009A0001C460123DB075242A341994200D19042E9
:1009B00010BD0000064C0125064E05E0E36807CC9B
:1009C0002B430C3C98471034B442F7D3FFF77CFB21
:1009D000EC9100080C92000870B58C180578401C4A
:1009E0006B075B0F01D10378401C2A1106D10278F6
:1009F000401C03E006780E70401C491C5B1EF9D1B8
:100A00002B0705D40023521E0DD40B70491CFAE7A6
:100A10000378401CCB1A921C03E01D780D70491C12
:100A20005B1C521EF9D5A142D8D3002070BD000036
:100A300010B5097A002907D0012908D0022902D16E
:100A4000044904F065FC10BD02495039F9E7014939
:100A50002839F6E77414002010B5022003F00EFCCC
:100A600010BD704710B5052003F008FC10BD10B58F
:100A7000042003F003FC10BD10B5062003F0FEFBBC
:100A800010BD10B5032003F0F9FB10BD10B5012017
:100A900003F0F4FB10BD000010B5024800F009F9A6
:100AA00010BD0000F406002030B5446C1C252C401D
:100AB0000125A540046C6560046863608368102BA1
:100AC000036803D099600068C26030BD9A60006816
:100AD000C16030BD064BC01803E003780B70401CAA
:100AE000491C1346521E92B2002BF6D170470000EB
:100AF00000000808F7B582B015460F46104606F00C
:100B0000F9F90090284606F0F5F9064600242A4631
:100B100000990298FFF7DEFF2A4631460298FFF758
:100B2000D9FF2A4631460098FFF775FB00280CD004
:100B3000641CA4B2022CEAD3304606F067F9009890
:100B400006F064F9012005B0F0BD2A463846009948
:100B5000FFF728FB304606F059F9009806F056F9E1
:100B60000020F0E710B5012000F0F8F9022000F0B5
:100B7000F5F910BD10B5042000F0F0F9082000F0E0
:100B8000EDF910BD10B5102000F0E8F90120800348
:100B900000F0E4F910BD72B6FEE710B500F06EF992
:100BA00010BD000010B5084900234B6107494A6891
:100BB0004C1522434A604A68082422434A60C0090F
:100BC000C001036010BD000020080020002002408A
:100BD00010B5214A00209169CB05204904D5486908
:100BE000022318434861901593699B0505D54B690D
:100BF000012423434B616302184393695B0505D5C8
:100C00004B69082423434B61E301184393691B0597
:100C100005D54B69042423434B6163021843936950
:100C20009B0405D54B69102423434B616302184391
:100C300093699B0304D54C6920231C434C611843E2
:100C40009369DB0305D54B69402423434B61A10223
:100C50000843906110BD00000020024020080020E1
:100C600070B50024014620314A79022A03D00421BC
:100C7000C163012418E0026813680E25AB431360BA
:100C8000026813685B085B001360436C1C2213400E
:100C900001252A469A40036C5A604D7100220A7160
:100CA000816B002900D08847204670BD20304079F4
:100CB0007047F0B4016C0C6801680B68456C1C2629
:100CC000042235401746AF4027420ED05F070CD5AF
:100CD0000B689B0602D40B6893430B60416C314058
:100CE0008A40016C4A60016B1AE00227AF4002465D
:100CF00027402032002F17D09F0715D50B689B0681
:100D000005D40B680A24A3430B6001215171436C85
:100D1000022133409940036C596000211171C16A6E
:100D2000002918D0F0BC08470827AF40274212D04E
:100D30001B0710D50B680E24A3430B60436C0121E5
:100D400033400C469C40036C5C60C16351710021D0
:100D50001171416BE4E7F0BC7047000070B504000E
:100D60003CD01F48256814212818FFF7C1F98000DE
:100D700060641C48206402212046203041712A68AA
:100D80001949E3680A40A168666919432369334336
:100D90001943A3691943E3691943236A19431143AA
:100DA00029600122A1689203914210D00D4980313F
:100DB0008A6A636C1C2633400F259D40AA438A62D1
:100DC000636C626833409A408B6A1A438A620021DE
:100DD000E163012242710171084670BD012070BDBE
:100DE000F8FFFDBF000002400F80FFFFF8B504468A
:100DF0008C46203001790025012909D00126067191
:100E000047790021012F05D0017102252846F8BD40
:100E10000220F8BD02274771E16320680168490894
:100E20004900016061462046FFF73EFE206B002826
:100E30002068016801D00E2205E004229143016080
:100E4000206801680A22114301602068016831436B
:100E50000160DBE770B5044600F046F90546601C0A
:100E600002D004480078241800F03EF9401BA0424C
:100E7000FAD370BD0000002070470000F8B5344D73
:100E8000A8690024C005334E002811DBA86980053D
:100E90000ED4A86940050BD4A869000508D4A86938
:100EA000800405D4A869800302D4A869C00309D5C9
:100EB000307801282BD0B768FFF78AFE384600F05B
:100EC0004BF83470A869800712D50220A8613078E9
:100ED00000280DD0307801281ED06868082188438A
:100EE0006860B068FFF7C8FF0020C043B06034708E
:100EF000307800280AD168684121C90088436860B9
:100F0000686803210904884368603474F8BDF76891
:100F10000020C043F060CFE77068401E70607068CA
:100F200000280DD0F068FFF7A7FFF0688030F06070
:100F300069680122520291436960FFF733FED7E7E7
:100F40000020C043F0603470FFF796FFD0E7000048
:100F500000200240200800207047704710B5044967
:100F60004A69024202D04861FFF7F7FF10BD000056
:100F700000040140F0B5002296E0012797403B4075
:100F80007ED00C79A407A40F012C01D0022C10D123
:100F9000856854000326A640B543CE68A6402E437C
:100FA000866044680D79BC43ED06ED0F95402543FE
:100FB00045600C79E443A40708D0C56854000326B3
:100FC000A640B5438E68A6402E43C6600C79A407A0
:100FD000A40F022C0CD1D408A40027183D6A540792
:100FE000E40E0F26A640B5430E69A6402E433E628E
:100FF000056854000326A640B5430E79B607B60F20
:10100000A6402E4306604C68A403A40F4BD0294C85
:10101000666B01252E4366639508274CAD002F199A
:10102000BD689407240F0F26A640B5430526360752
:10103000B04201D1002614E0204EB04201D1012679
:101040000FE01F4EB04201D102260AE01D4EB04211
:1010500001D1032605E01C4EB04201D1052600E077
:101060000626A6402E43BE60184DAC684E689C43D1
:10107000F60200D51C43AC60EC684E689C4300E06F
:1010800011E0B60200D51C43EC606C684E689C43CE
:10109000B60300D51C436C602C684E689C43F60375
:1010A00000D51C432C60521C0B681C46D44000D059
:1010B00063E7F0BD00100240000001400004005052
:1010C00000080050000C0050001C005000040140BB
:1010D0000069084000D001207047002A01D08161DA
:1010E00070478162704700000148806870470000C7
:1010F0000000002070B5024640325378202B1CD1EE
:101100001378012B19D00124147024235370036821
:101110001D68A5431D6003681D682603B5431D6057
:1011200003681D680D431D6000680168214301606C
:10113000202050700020107070BD022070BD70B56E
:10114000024640325378202B1BD11378012B18D044
:10115000012515702423537003681C68AC431C6080
:1011600003681C680F263602B44309022143196044
:101170000068016829430160202050700020107031
:1011800070BD022070BD000004494A6B01231A4360
:101190004A6303494A6802434A60704700100240AC
:1011A000000001407047704770B503689A6919687C
:1011B000D243D40508D4CC43240605D4446C01257D
:1011C0002C4344642C02DC61530509D4CB431B0639
:1011D00006D4436C082423434364E3010468E361B9
:1011E000920509D4C943090606D4416C0222114371
:1011F000416411020268D161416C0B22114201D09D
:1012000001F026FA70BD026891691268436B002BE9
:1012100000D018477047704770B5040006D02546C7
:10122000403568780026002802D005E0012070BD16
:101230002E70204600F084F9242068702068016830
:101240004908490001600F21606809068843216848
:101250000861206882680121C9038A438260E068CE
:101260000128A06808D021229202104322689060D1
:10127000E068022802D005E00843F7E70120226871
:10128000C0025060206842680F4B1A4342602068D9
:10129000C2688A43C260616920690843A169090282
:1012A00008432168C860216AE06908432168086032
:1012B0002068016801221143016066642020687083
:1012C0002663AE70002070BD00800002704770473A
:1012D00070470000FFB5054604464035687881B088
:1012E0009446202875D120688069C043000470D5D9
:1012F000287801286DD001202870212068701020E6
:10130000A87000266664626263853348E0623348F1
:101310006063608DFF2804D9FF20012720853F06E8
:1013200006E0608D208501277F060004000C3ED07A
:10133000A06B00281CD02A49C162A16B29484863D0
:10134000A06B61460663A06B86632268238D2832FA
:10135000A06BFFF74BFD002810D020206870AE7006
:10136000606C1021084360642E70012005B0F0BD50
:1013700020206870AE70606C8021F3E71A480090FE
:10138000208D3B46C2B22046029901F0FBFE608DE3
:10139000218D401A60852E701021204601F0C8F87A
:1013A0002068016801229203114301600EE00F489A
:1013B00060630D48009000223B462046029901F0F0
:1013C000E1FE2E700121204601F0B2F80020CDE7A9
:1013D000FFE70220CAE700000000FFFF952B00088E
:1013E000892400087124000800200080A12C000836
:1013F00070477047FFB5054604464035687883B0AE
:10140000202872D10C98002814D00D98002811D0F3
:101410002878012869D001202870FFF765FE07466B
:10142000012200901923D103204601F0D4FE0028A8
:1014300071D103E00120400260646CE021206870FB
:101440004020A870002666640C9860620D98608544
:1014500066630E980090019704A90EC9204601F01A
:101460003FFD002801D02E7055E0608DFF2805D982
:10147000FF22228501231B06009606E0608D208551
:101480000096208D0123C2B25B062046049901F02C
:1014900079FE3A4620460E9901F0F9FE00283AD12D
:1014A000606A216800788862606A401C6062608DB2
:1014B000401E6085208D401E80B22085618D0029F0
:1014C0001FD000281DD100970022802120460E9BAE
:1014D00001F081FE00281ED1608DFF2806D9FF2271
:1014E000228501231B06009607E024E0608D2085FD
:1014F0000096208D0123C2B25B062046049901F0BC
:1015000041FE608D0028C4D13A4620460E9901F074
:1015100093FE002802D0012007B0F0BD20682021F2
:10152000C16120684268054B1A4042606970AE7024
:101530002E700020F0E70220EEE7000000E800FE39
:1015400070B586B0064614216846FEF744FE204971
:101550003068884239D11F4CE16A02200143E162C0
:10156000E16A002501400591C02000901220019001
:101570000320039001200490029569461648FFF766
:10158000F9FCA06B012149050843A063144C1348E2
:101590002060062060601020E560A0606561A561A4
:1015A000E5618020256220612046FFF7D7FB0028F7
:1015B00001D0FFF7F0FAB463002201211720A662E0
:1015C00000F072F8172000F063F806B070BD00005C
:1015D0000054004000100240000400501C00024073
:1015E000F406002070477047024881680278891825
:1015F000816070470000002010B508480024016891
:10160000402211430160204600F00AF8002801D072
:10161000012401E000F026F8204610BD0020024021
:1016200070B504460D4D7D202978C000FEF760FDA1
:1016300001460B480068FEF75BFD00F05FFD0028E7
:1016400009D1042C07D200222146401E00F02CF8BC
:1016500000206C6070BD012070BD00000000002003
:101660000C00002010B50948416B01221143416371
:10167000816B02041143816300220221032000F0E8
:1016800013F8032000F004F810BD00000010024021
:10169000002805DBC106C90E012088400149086009
:1016A0007047000000E100E010B504F03BFD10BD04
:1016B000F0B5154E3268154B74151B6A2240DB07D6
:1016C000DB0F002A04D0002B02D03568A54335601B
:1016D0003568AD08AD00054335600D4F3D69042008
:1016E00005433D6101290DD040BF20BF20BF3969AE
:1016F00081433961002A04D0002B02D03068204396
:101700003060F0BD30BFF2E70070004000000140E3
:1017100000ED00E0F8B5044600780026584D80063C
:101720007CD557484038806BC00006D454484038B8
:10173000816B020411438163012652480168C90587
:1017400010D40168821511430160FFF7CDFC0746F4
:1017500004E0FFF7C9FCC01B64283AD84948006878
:10176000C005F6D54648403800680321090562687F
:101770000840114081420AD09003800F032806D10F
:101780003F4840380068800301D50120F8BD286932
:1017900003210904084021D00A4082421ED020784B
:1017A000800633D528692A6988430121C9040A4380
:1017B0002A612A698A432A612861C0050ED5FFF78C
:1017C00093FC074607E0FFF78FFCC11B2E488142C0
:1017D00001D90320F8BD28698005F4D5207880065A
:1017E00014D560688103890F032908D1244B403B3D
:1017F00019680322120591431040014319602869BA
:10180000032261681204114008432861002E05D0AC
:101810001B484038816B0204914381632078C007E4
:1018200005D0E868A168800880000843E860207857
:10183000800705D5E8680C218843E1680843E86023
:101840002078400706D5E86803218902884321698A
:101850000843E8602078000706D5E86803210903FB
:10186000884361690843E8602078000606D5E86887
:10187000032189048843A1690843E8600020F8BD7A
:10188000401002400070004088130000F8B50E467A
:10189000040038D05E480068C007C00FB04214D2C0
:1018A0005B4F38684008400030433860FFF71CFC4D
:1018B000054605E0FFF718FC411B564881427AD8DF
:1018C0003868C007C00FB042F4D12078524F80076B
:1018D00005D5F868F0218843A1680843F8602078AE
:1018E000C00752D06068022806D0032807D03968A4
:1018F00001280AD0890504E03968890301E03968C4
:101900008901002903DB0120F8BD4907F9E7F968DF
:10191000890889000143F960FFF7E6FB0546606826
:1019200002280AD0032814D001281ED029E0FFF78E
:10193000DBFB411B374881423DD8F8680007800F28
:101940000228F4D121E0FFF7CFFB411B314881424F
:1019500031D8F8680007800F0328F4D115E0FFF7AD
:10196000C3FB411B2B48814225D8F8680007800F34
:101970000128F4D109E0FFF7B7FB411B254881425C
:1019800019D8F8680007800FF5D121480168C90708
:10199000C90FB14217D901684908490031430160B4
:1019A000FFF7A2FB054608E005E0FFF79DFB411BA2
:1019B0001848814201D90320F8BD15480068C007C6
:1019C000C00FB042F1D12078400706D5F868072152
:1019D00009028843E1680843F8602078000707D5CA
:1019E000F8680721C90288432169C9000843F860E3
:1019F00000F01AF8F968094A0906090F515CC84055
:101A00000749086007480068FFF70AFEF8BD0000B4
:101A1000002002408813000000100240A47100085A
:101A20000C0000200400002070B51B4EF2680C2151
:101A30001046084019498B0004280CD04D00082896
:101A400010D00C2810D070680004410F0120C00392
:101A5000491C884070BD3068C00601D5084670BD7D
:101A6000184670BD284670BD90020D4C000F205CDA
:101A70001202940FF268641CD20301D5294603E0D8
:101A80003268D20600D4194604F027FB2246002310
:101A9000FEF758FB70BD00000010024000093D0039
:101AA000B4710008FEB504007ED0FE4DEE680C2037
:101AB000EF6806400120000407402078C00747D0A7
:101AC000082E05D00C2E0AD101200004874206D131
:101AD000286880033CD560680028E5D038E0012004
:101AE00061680004814203D129680143296011E043
:101AF000052301221B0492049942296802D1114353
:101B00002960F1E781432960296801400091286834
:101B100090432860606800280DD0FFF7E5FA009038
:101B200005E0FFF7E1FA0099401A64287BD828689D
:101B30008003F6D50CE0FFF7D7FA009005E0FFF739
:101B4000D3FA0099401A6428F0D828688003F6D4A4
:101B50002078800756D50921E068042E0DD00C2E80
:101B600001D1002F09D000283CD02A688A430243C3
:101B70002A60FFF7B9FA074628E02A68520701D51C
:101B8000002891D06A681F231B029A4323691B0215
:101B90001A436A602A688A4302432A60FFF744FFB7
:101BA000E96809060A0F00E08CE1BF49895CC8407A
:101BB000BE490860BE480068FFF732FD002873D1B7
:101BC00020E0FFF791FAC01B0228AFD82868400731
:101BD000F7D568681F210902884321690902084373
:101BE00068600FE02868400840002860FFF77CFA32
:101BF000074604E0FFF778FAC01B022896D8286849
:101C00004007F7D42078C00660D5002E0CD0A0691C
:101C100000284AD02868FF21013108432860FFF7D7
:101C200063FA07462EE0C2E02868800502D5A06965
:101C30000028A6D06868072149038843216A084321
:101C400068606868217F0002000A0906084368602E
:101C5000206A410B0120C003491C8840E96809063D
:101C60000A0F9149895CC840904908609048006813
:101C7000FFF7D6FC002817D128E0FFF735FAC01B84
:101C80000228A2D828688005F7D56868072149038B
:101C90008843216A084368606868217F0002000A5F
:101CA00009060843686011E0E3E02968FF2001307D
:101CB00081432960FFF718FA074604E0FFF714FA9A
:101CC000C01B022873D828688005F7D42078794F84
:101CD000000724D560690028386910D00121084325
:101CE0003861FFF701FA009005E0FFF7FDF9009970
:101CF000401A02285BD838698007F6D50FE0400803
:101D000040003861FFF7F0F9009005E0FFF7ECF9CB
:101D10000099401A02284AD838698007F6D42078FA
:101D2000400767D500200190A86BC00006D4A96BBE
:101D3000012000070143A963012001905E4801686A
:101D4000C90512D402461168801501431160FFF7DE
:101D5000CBF9009005E0FFF7C7F90099401A642815
:101D600025D855480068C005F5D5FF20A268013088
:101D7000824203D139690143396111E001218902AD
:101D8000002A07D005231B029A4203D13A690A436D
:101D90003A61EFE73A6982433A61386988433861CA
:101DA000A06800280FD0FFF79FF9009007E05FE0E0
:101DB000FFF79AF90099411A4048814258D838698A
:101DC0008005F5D50EE0FFF78FF9009007E0FFF7EB
:101DD0008BF901460098091A3848814248D8386979
:101DE0008005F4D40198002804D0A86B01210907CC
:101DF0008843A863606A002866D00C2E3ED0012775
:101E00003F060228286805D0B8432860FFF76CF920
:101E100004462FE0B8432860FFF766F9064604E061
:101E2000FFF762F9801B022822D828688001F7D4C6
:101E3000E16AA06AEA680843216BFD231B049A4308
:101E400011430843E860286838432860FFF74CF9DD
:101E5000044604E0FFF748F9001B022808D8286868
:101E60008001F7D530E0FFF73FF9001B022801D9C8
:101E70000320FEBD28688001F5D425E00128F8D0B4
:101E8000E86801210904A26A014091421AD10F2198
:101E90008904E26A0140914214D103218905084076
:101EA000216B0DE000100240A47100080C0000201E
:101EB0000400002040100240007000408813000021
:101EC000884201D00120FEBD0020FEBDF8B50546C8
:101ED000044620352878012819D0012028700220D6
:101EE00068702168CA2048622168532048622068CF
:101EF0008168012292029143816020688168120109
:101F000091438160FFF7F0F8064600270FE00220BA
:101F1000F8BDFFF7E9F8811B7D20C000814206D99A
:101F20002168FF204862032068702F70F8BD206888
:101F3000C0684007EDD52168FF2048620120687025
:101F40002F700020F8BD000070B50646FFF754FB67
:101F500003F036FF10211448FFF7BAF80024134DA0
:101F6000002801D02C801AE02888401C81B22980EA
:101F70003C2914D30D490420891C0870FFF73CFB51
:101F800003F01EFF3046FFF7A1FF2C806420FEF710
:101F900061FF03F081FEFF202D30FEF75BFF012182
:101FA0000020FFF785FB70BD0004005018000020E2
:101FB00010B5044601200B49000548612168886876
:101FC00040040BD5C868400508D5C8688022104079
:101FD000054A8018C8602046FFF7B6FF012020346C
:101FE000607010BD000401407FFBFFFF70B504006E
:101FF00005D0254620356878002802D006E001206B
:1020000070BD00202870204600F046F8022068705D
:102010002068C168C943C90637D5CA214162216811
:1020200053204862204603F083FE002827D1206811
:102030008168184A11408160206881686268A369DC
:10204000114322691A43114381602168E0680861E5
:10205000206801692289120411430161204603F0BE
:102060008AFE00280BD12168CA6C92089200CA64CB
:10207000E26961690A432168CB6C1A43CA64226829
:10208000FF215162002801D070BD0020012169703C
:1020900070BD0000BFFF8FFF10B50068084988427F
:1020A0000DD1084801690122920411430161002207
:1020B00001210220FFF7F8FA0220FFF7E9FA10BD2C
:1020C000002800404010024070B5054629680A48C3
:1020D000C860FFF709F87D260446F60006E0FFF722
:1020E00003F8001BB04201D9032070BD2868C06806
:1020F0008006F4D5002070BD5F7F0100094910B54E
:10210000401E884201D9012010BD074C60610321A7
:10211000081F04F007F80020A061072020610020BC
:1021200010BD0000FFFFFF0000E000E0F0B5024638
:102130002032137E012B1ED0012616760223537601
:1021400003685D689C687027BD430F682F435F601C
:102150000068B307984205D0084B984202D0084B5C
:10216000984204D1802349689C432143816056767C
:1021700000201076F0BD0220F0BD000000080140F4
:102180000014014070B5050005D02C462034607E57
:10219000002802D006E0012070BD002020762846ED
:1021A00000F010F802206076291D286803F066FE12
:1021B0000120A077A076E076207760776076002017
:1021C00070BD000010B50068134A144990420AD14E
:1021D000886B102210438863002202211120FFF730
:1021E00063FA11200CE00E4A90420CD1486B042295
:1021F00010434863002203211420FFF755FA1420EE
:10220000FFF746FA10BD074A9042FBD1486B2022E7
:102210001043486310BD0000001000400010024051
:102220000008014000140140014620314A7E012A85
:1022300001D00120704702224A760168CB68012252
:102240001343CB6000689107884205D00749884254
:1022500002D00749884204D181684907490F0629FD
:1022600002D001681143016000207047000801405E
:1022700000140140704770B50446006801690025EC
:10228000C9438907002915DBC168C943890711D4EF
:10229000E91E0161012020762068806980072046C0
:1022A00002D0FFF7E7FF04E000F078F8204600F0E6
:1022B00076F8257620680169C943490717D4C168B3
:1022C000C943490713D40421C94301610220207680
:1022D000206880698005800F204602D0FFF7CAFF82
:1022E00004E000F05BF8204600F059F825762068FD
:1022F0000169C943090716D4C168C943090712D443
:102300000821C9430161042020762068C069800744
:10231000204602D0FFF7AEFF04E000F03FF8204671
:1023200000F03DF8257620680169C943C90617D435
:10233000C168C943C90613D41021C94301610820EB
:1023400020762068C0698005800F204602D0FFF704
:1023500091FF04E000F022F8204600F020F82576F6
:1023600020680169C943C90708D1C168C943C907C1
:1023700004D1891E0161204600F012F8206801692D
:10238000C943490609D4C168C943490605D4402157
:10239000C9430161204600F04AF870BD704770479C
:1023A00010B504460B4884420DD104F021FD0A4AC1
:1023B0001178032902D2491C117004E0002010702A
:1023C000142003F04BF80548844202D1044804F07D
:1023D00000FE10BDA00700201000002060070020B4
:1023E0001A00002070B5044605462034207E0128DE
:1023F0000DD00126267602206076284603F075FD72
:102400000021002805D066762176012070BD0220CB
:1024100070BD2868C26840239A43C2602868C268B9
:102420001B029A43C26066762176002070BD704719
:10243000FEE7000010B50648006880694005400FBF
:10244000034802D0FEF7B0FE10BDFEF7DCFE10BD63
:10245000A006002010B5806A0022816B002900D000
:102460008A63C16B002900D08A6300F0A1FE10BD11
:1024700010B5806A01684A680123DB031A434A6089
:10248000102100F0E5F810BD10B5846A20680168DD
:102490000122920391430160608D002808D0218DB4
:1024A000606A41186162608DFF2803D9FF2002E055
:1024B00020210FE0608D2085226883B22832A06B36
:1024C000FEF794FC002804D01021204600F0C0F84C
:1024D00010BD4021204600F02BF810BDF0B503469A
:1024E0000022CE0740332824B025002E05D05E7888
:1024F00042222746B74300D0F2228E0705D5442654
:102500005B7832439C4300D02A43CB0B01D0B823E5
:102510001A43102908D0202907D0402905D0006887
:10252000016891430160F0BD90210A43F7E7000084
:10253000F0B51C4C436B0022F225F4261A4FA3423F
:1025400014D01A4CA34211D0BB420FD0CB0B00D0F9
:10255000B822CB0700D02A438B0700D5324310297D
:1025600002D0202918D018E0902115E0CC0B00D023
:10257000B822CC0700D02A438C0700D5324310295B
:1025800002D0202902D003E0902400E060242243FE
:10259000BB4202D0402900D10A43006801681143C0
:1025A0000160F0BD952B0008D12D0008412F0008D7
:1025B00001688A69D243920701D400228A620068C6
:1025C0008169C943C90703D081690122114381612F
:1025D0007047F8B5054604464035687828218143A0
:1025E000206804D00821C16100202870F8BD8169ED
:1025F000C903CF0F8169FE230E0C81681E408A0536
:10260000C168920D19408C46E168022916D1062155
:10261000D3090E400B409E420FD1A16C491CA1640E
:10262000A16C0229E2D10021A1640823C3612970B1
:1026300039462046FEF7B7FDF8BD66460121C903BD
:102640002046FFF74BFF002028703246F0E70000DD
:10265000F8B505460446403568780026AE703D4A18
:10266000E2626685626C0A436264282832D02928B7
:1026700030D02A282ED038492046FFF72FFF204699
:10268000FFF796FF6878602812D0202169702068D3
:102690008269D24392060BD48269D243D20605D412
:1026A0001022C261606C0422104360642068C16122
:1026B0006663206BA16B294F002903D0112812D02B
:1026C000212810D0E16B002925D0122827D02228FC
:1026D00025D020E003212046FFF700FF2820687066
:1026E0001F486063E5E720680168490404D5016874
:1026F0000122920391430160A06BFEF7D7FA0128F3
:1027000009D0A06B87632E70A06BFEF7A9FA002892
:1027100004D0A06B1AE0204600F04AFDF8BD206806
:102720000168090404D501680122D20391430160C4
:10273000E06BFEF7BBFA0128EDD0E06B87632E70EB
:10274000E06BFEF78DFA0028E8D0E06B816B8847DC
:10275000F8BD00000000FFFF0380000055240008C2
:102760005530000870B504461548E062002626631F
:102770002020254640356870AE70C8436663400728
:1027800012D42068406A616A0870606A401C606206
:10279000208D002808D0401E2085608D401E608559
:1027A000606C04210843606406492046FFF796FEEA
:1027B00021681020C8612E702046FEF787FD70BD8D
:1027C0000000FFFF03800000F8B505460091006897
:1027D0002026C6612C4640346078212803D06078DA
:1027E000222806D00BE001212846FFF777FE1120B2
:1027F00004E002212846FFF771FE122028632868B2
:102800004168254A11404160002724486F63E8620F
:102810000098C043C10606D42A681021D161696CB2
:102820000422114369646178602905D1400703D40B
:102830002868406AC0B200902846FFF7B9FE686C6D
:102840006178602901D0002804D0696C2846FFF720
:10285000FFFEF8BD607821280DD060782228F8D1DD
:1028600066702F63A078A77040282770284610D084
:10287000FEF72DFDF8BD66702F63A078A770402885
:102880002770284602D0FEF723FDF8BDFEF7B1FD04
:10289000F8BDFEF7ADFDF8BD00E800FE0000FFFF4B
:1028A00070B50026054640350446AE706978202094
:1028B000212968700BD01220206302212046666314
:1028C000FFF70CFE2E702046FEF701FD70BD1120B3
:1028D0002063012120466663FFF700FE2E7020462C
:1028E000FEF7F6FC70BD0000F8B502680E461768EA
:1028F00004460546403568782021D161212806D05C
:10290000292804D0222808D02A2806D00CE04249E1
:102910002046FFF7E3FD212005E03F492046491C02
:10292000FFF7DCFD22202063206841680122D203EA
:102930001143416020684168384A11404160204697
:10294000FFF736FEF843410407D4206801680122EE
:10295000920391430160A06B08E000040BD420684F
:1029600002680121C9038A430260E06B002802D09B
:10297000006840686085F0434007042100280FDBB1
:1029800020688E43406A626A1070606A401C606210
:10299000208D002804D0401E2085608D401E60855B
:1029A000608D002802D0606C084360640027AF701F
:1029B0006763606C00280BD0616C2046FFF748FE0F
:1029C0006878282803D131462046FFF7CBFEF8BDB2
:1029D000E06A134EB0420BD0204600F023F8E662C6
:1029E0002020687027632F702046FEF76FFCF8BD2B
:1029F0006878222807D02020687027632F7020462F
:102A0000FEF7F1FDF8BD2020687027632F70204687
:102A1000FEF7E8FDF8BD00000180000000E800FEC0
:102A20000000FFFF70B505460068016800262C46CF
:102A30004034A670C9434A0403D4016801229203BA
:102A400004E0090404D401680122D2039143016027
:102A50006178282029290ED061782A290AD160704E
:102A60002220286302212846FFF738FD26702846D9
:102A7000FEF7B8FD70BD6070212028630121284653
:102A8000FFF72CFD26702846FEF7ADFD70BD000057
:102A9000F7B50446006882B0816900262746C9065A
:102AA000403735460092002942DA1021C16131E0F9
:102AB0000398401C2ED0FEF717FB0099411A03988B
:102AC000814201D8002825D1206841680122920363
:102AD0001140BA788369DB431B0416D401239B039E
:102AE000994212D0202A10D0416819434160FEF764
:102AF000FBFA009009E0FEF7F7FA0099401A19284E
:102B000003D920200543012604E020688069C043E2
:102B10008006F0D4206880698006C00F3043C7D09B
:102B2000002E02D121682020C8610420054301261F
:102B300021688869C20504D5012215431202CA61C1
:102B40000126410505D508210D432268C901D1613F
:102B50000126800506D50220054321680002C861D0
:102B6000012601E0002E0FD02046FFF721FD20684E
:102B70004168074A11404160606C2843606420202E
:102B800078700020B8703870304605B0F0BD000095
:102B900000E800FEF8B505460446403528780128CF
:102BA00017D001202870CB43DE06D043002E12DB65
:102BB000C20610D421681020C861606C042108434B
:102BC000606420212046FFF7B3FC2046FFF7F0FCAD
:102BD0005FE00220F8BD304A304E1F0637D447066A
:102BE00035D420680168402399430160608D002836
:102BF0002068406828D08105608D890DFF2803D9A1
:102C0000FF2020859B0408E0608D2085E06A9042CB
:102C100001D0E36A01E001235B0600200090208DD3
:102C2000C2B2204600F0AEFA608D218D401A608558
:102C3000687822282068016802D03143016028E0CA
:102C40000122D2031143F9E7800117D506E05F06A0
:102C500018D4470616D4608D002804D040212046A1
:102C6000FFF7F6FC15E020684168890111D4E16A9C
:102C7000914203D14168314341600AE02046FFF7A9
:102C80000FFE06E09A0604D4800602D42046FFF721
:102C90009BFD00202870F8BD0000FFFF00400000F1
:102CA000F8B507460446403738780E46012813D059
:102CB00001203870F043C3060421D543002B0DDBFF
:102CC000EA060BD422681020D061606C084360646F
:102CD0002046FFF76DFC5BE00220F8BD420707D4F9
:102CE0006A0705D420688E43406A616A087007E06D
:102CF00081070FD4A9070DD4606A21680078886223
:102D0000606A401C6062208D401E2085608D401EE0
:102D100060853DE02D4A01062FD469062DD4608DD3
:102D2000002802D0208D002804D02068406880014F
:102D300047D529E0206840688105608D890DFF280E
:102D400006D9FF220020228501231B06009010E0F7
:102D5000608D2085E06A904205D000200090E36AF3
:102D6000208DC2B205E000200090208D0123C2B268
:102D70005B06204600F006FA0AE0400608D4680622
:102D800006D4608D00280FD040212046FFF760FC5C
:102D9000F043800605D4A80603D431462046FFF749
:102DA00013FD00203870F8BD206841688901EFD418
:102DB000E16A914205D141680122920311434160C9
:102DC000E6E72046FFF76CFDE2E700000000FFFFAA
:102DD000F8B505460446403528783F4B012818D001
:102DE00001202870C843C7060026D243002F12DBFB
:102DF000D70610D421681020C861606C04210843F4
:102E0000606420212046FFF793FB2046FFF7D0FBAC
:102E10005FE00220F8BD870708D4970706D4206D2D
:102E2000216888620020C043206552E007062CD448
:102E300057062AD410212046FFF77AFB608D002820
:102E40001ED0608DFF2803D9FF22228500962AE03C
:102E5000608D208500962EE0204600F093F9608D6D
:102E6000218D401A6085687822282068016802D088
:102E70000122920301E00122D2031143016028E004
:102E800040212046FFF7E4FB23E047061AD457060B
:102E900018D46878222800D1104B608DFF2807D9FC
:102EA000FF2222850093E06C012381B21B06D3E749
:102EB000608D20850093208DC2B2E06C012381B229
:102EC0005B06C9E7800604D4900602D42046FFF7CB
:102ED0007BFC2E700020F8BD0020008000240080C4
:102EE000F8B50446164615481D46DAB2C3020090EE
:102EF000079F204600F046F93A462046069900F022
:102F0000C6F9002818D12846F5B2012809D0216851
:102F1000300A88623A462046069900F0B8F900283F
:102F20000AD1206885620097002280212046069BF6
:102F300000F051F9002800D00120F8BD00200080E9
:102F4000F7B5C76A82B00446002026464036019095
:102F50003078012823D0012030700398D543C04336
:102F600000908006002805DBA80603D420460399BC
:102F7000FFF7BAFC0098C0065FD4E8065DD4680489
:102F80001021002801DA280454D4E06B00280BD06B
:102F90002A0409D400684068002803D004E0022015
:102FA00005B0F0BD01200190A06B002805D06A0497
:102FB00003D400684068002802D0019800281BD084
:102FC0007078282808D101204006874204D1204685
:102FD0000399FFF7C7FB39E0707829282AD101202F
:102FE0000004C74226D02068C1612046FFF7E0FAFE
:102FF0002046FFF717FD29E02068C161606C0421BD
:10300000084360647078002F02D089058F421DD17B
:10301000212806D0292804D0222804D02A2802D02A
:1030200003E0212000E022202063616C2046FFF7AE
:103030000FFB0BE02068C16108E00098000705D491
:10304000280703D420460399FFF7C3FA0020307005
:10305000A6E70000FEB5C56A044607464037019161
:103060003878012828D0012038700198D643C04311
:1030700000908006002805DBB00603D420460199A5
:10308000FFF732FC00983D493D4AC00630D4F006B7
:103090002ED4638D1020002B10D02168C861606C85
:1030A000042108436064002D01D0954262D1616C17
:1030B0002046FFF7CDFA5DE00220FEBD7A78282A8F
:1030C00008D101225206954204D120460199FFF70A
:1030D00049FB4FE07A78292A07D18D4205D0216833
:1030E000C8612046FFF764FA41E02168C86141E009
:1030F0000098400717D4700715D4608D00280CD0B5
:103100002068406A626A1070606A401C6062208DAC
:10311000401E2085608D401E6085608D002829D16D
:103120008D4224D126E00098000706D4300704D44D
:1031300020460199FFF74DFA1CE00098800719D44A
:10314000B00717D4608D00280DD0606A2168007820
:103150008862606A401C6062608D401E6085208DC0
:10316000401E208506E0954201D0002D02D1204668
:10317000FFF758FC00203870FEBD00000000FFFF84
:103180000000000110B58905890D12041143029C4D
:10319000194300682143490042684908630D034C04
:1031A00023439A430A43426010BD0000FF63FF03BC
:1031B00010B5014640314B780022602B04D00263E9
:1031C0000A70FEF728F810BD20234B7002630A70C6
:1031D000FDF7E8FF10BDF8B51D4617460E4604463C
:1031E0001EE0681C1CD0FDF77FFF0699401AA8421C
:1031F00001D8002D14D120688169304688430DD054
:103200000020B8420CD1616C20200143616440343D
:1032100060700020A07020700120F8BD0120F0E750
:10322000206881693046884304D00020B842D8D055
:103230000020F8BD0120F9E770B516460D4604469A
:103240001EE0324629462046FFF722FC002801D026
:10325000012070BDFDF748FF801BA84201D8002D5A
:103260000ED120688069C043800609D5616C20209A
:1032700001436164403460700020A0702070E7E773
:1032800020688069C0438006DBD4002070BD70B523
:1032900016460D46044620E0324629462046FFF7F2
:1032A000F7FB002801D0012070BD681C15D0FDF788
:1032B0001BFF801BA84201D8002D0ED12068806919
:1032C000C043800709D5616C20200143616440340C
:1032D00060700020A0702070E5E720688069C0431E
:1032E0008007D9D4002070BD08B50848016B0122C1
:1032F00011430163006B01211040009000220A205D
:10330000FEF7D2F90A20FEF7C3F908BD001002400B
:10331000F0B587B014216846FCF75DFF5B48C16AD1
:1033200004221143C162C16A11400591C16A01259D
:103330002943C162C16A29400591C16A022631430D
:10334000C162C06A2A4630400590052080210007EE
:10335000FDF7C3FEFF21012202314D48FDF7BDFEFE
:103360004F210520002249020007FDF7B6FE00228A
:1033700008214748FDF7B1FEA80321273F0400902C
:103380006946019702954348FDF7F4FD11200004BA
:10339000019005206946029600950007FDF7EAFDB9
:1033A0000C20009005206946019702950007FDF763
:1033B000E1FD102000900024052069460197029449
:1033C0000007FDF7D7FD8020009011200190032019
:1033D00003900520029469460007FDF7CBFD1120FC
:1033E0000190032003900095029469462848FDF758
:1033F000C1FD69462648019700960295FDF7BAFD82
:1034000004206A4631C269462148FDF7B3FD28020F
:103410006A4631C2052069460007FDF7ABFD4F2023
:10342000400200900520029469460195039400072C
:10343000FDF7A0FD7813009002946946019503946E
:103440001348FDF797FD30200090019469460294DF
:103450000F48FDF78FFD002201210520FEF724F91A
:103460000520FEF715F9002201210620FEF71CF9C0
:103470000620FEF70DF9002201210720FEF714F9BE
:103480000720FEF705F907B0F0BD0000001002406C
:10349000000400500008005010B5154813490160A1
:1034A0001449416000218160016141618161012213
:1034B000C161C2600162FDF7AFFE002801D0FDF7D7
:1034C0006AFB00210A48FDF715FE002801D0FDF730
:1034D00062FB00210648FDF732FE002801D0FDF70F
:1034E0005AFB01200003FDF74FFE10BD00540040C1
:1034F000A00600201304100010B50B480949016014
:103500007F2282600021416001614161FF2281616F
:10351000C260C161FEF76AFD002801D0FDF73BFBE8
:1035200010BD0000002800403C07002010B588B006
:1035300014216846FCF74FFE0024164805941449F0
:1035400006940160FF21403184604160FF21F43125
:103550000461C16080214161FEF714FE002801D0A2
:10356000FDF719FB009469460A480194FEF73AFFFB
:10357000002801D0FDF70FFB059405A90548069426
:10358000FEF7D4FD002801D0FDF705FB08B010BD03
:1035900000080140A007002010B588B0142168463B
:1035A000FCF719FE002415480594134906940160A0
:1035B0001F2184604160046111494461C160FEF7CC
:1035C000E1FD002801D0FDF7E6FA009469460B48BA
:1035D0000194FEF707FF002801D0FDF7DCFA0594FF
:1035E00005A906480694FEF7A1FD002801D0FDF7C5
:1035F000D2FA08B010BD000000140140E00700201E
:10360000FFFF00001CB500240F4800940D490194F1
:103610000160FF214031846041600C49C16080211C
:103620004161FEF7AFFD002801D0FDF7B4FA009428
:10363000694605480194FEF779FD002801D0FDF7A1
:10364000AAFA1CBD00100040600700200F270000F0
:1036500070B505460C46086809A1FCF7CEFD0028A8
:103660000AD00AA12068FCF7C8FD002803D10A4946
:10367000284601F04DFE70BD07497839F8E7000093
:103680002B20506C6179696E670000002B20536518
:103690007474696E67730000FC130020FEE770B558
:1036A000050023D000260024E00708D0012D15D006
:1036B000022D0ED0032D0CD0042D0FD105E0012DCD
:1036C00005D0022D03D0032DF6D1FF2202E05522B2
:1036D00000E0AA22314620B200F036F8641CA4B201
:1036E000802CE1D3761CF6B2082EDCD370BDF8B581
:1036F0000D4604461E46174609680068FDF73EF869
:1037000021D029682068FCF7E4FD40007D214008B5
:10371000C905FDF733F801D2286811E03146384673
:10372000FCF7E6FCFCF7F5FF2768064639462868F3
:10373000FCF7CFFD3146FCF711FE3946FCF778FD6A
:10374000206001F083FCF8BD30B57F2815DC072927
:1037500013DC002811DB00290FDB094D094BEC7845
:10376000C901C918002C02D00B5C534004E06B78EF
:10377000012B0B5C02D093430B5430BD1343FBE78A
:103780008C020020840F002010B5074801218078AA
:103790008902002804D0FF220448FCF715FD10BD63
:1037A0000248FCF718FD10BD8C020020840F002099
:1037B00070B50D4648681549154C0EC9002822D031
:1037C00000F03AF921681430FF318131888325688F
:1037D00040202C46FF348134A18B401AC003060CD4
:1037E0000846403066844008A0844842FCF786FFC3
:1037F000A0623046FCF78DFFE0622869C189022093
:1038000001F09EFC70BD2868DAE700006802002025
:103810002000002070B5214D0C4629680646FF3176
:103820008131C86A8A6A01461046FCF7A7FF12D1A7
:1038300000F010FD01462A68304696680B0002F041
:1038400064FC070A0A0A05050D220A00207F0028E9
:1038500002D00020207770BD0120FBE7217FE160CE
:103860008268002A01D0214690472868816809783B
:10387000012908D1317E012905D1E168002902D052
:1038800001216030417628680069C08901F048FC58
:1038900028680021FF308130017670BD20000020B3
:1038A000F0B55F4F054638680B4601460269FF31A7
:1038B000AD3185B01289081FFFF719FF002000F015
:1038C00083FE3C68FF348134A06AFCF729FF02B212
:1038D0001C20205E022600901E210196615E64235A
:1038E000504802F05EF8012000F06EFE3C68FF34A4
:1038F0008134A06AFCF714FF02B21C20205E009005
:103900001E210196615E6423464802F085F88121FC
:103910006E68C905444C002E11D03868FF308130E4
:103920000390806AFCF784FCFCF7FAFE029602B270
:10393000A1686068009003980191C08B10E03E6818
:10394000FF368136B06AFCF773FCFCF7E9FE02B281
:103950002868801C0290A168606801910090F08B3B
:103960002368001D01B22F4802F0B2F83E68FF360E
:103970008136B06AFCF7D4FEB18B0B38401802B226
:103980002AA00290A168606801910090F08B2368E2
:103990000F3001B2234802F09BF83E68FF368136B3
:1039A000B06AFCF7BDFEB18B0B38401802B220A004
:1039B0000290A168606801910090E088318C43001A
:1039C000C018081A0F3801B21648236802F080F8B0
:1039D0003E6818483746FF37B06381372420385E89
:1039E0000E38FCF78BFEB062287F01280ED0E488E9
:1039F000388CA100401A0F38FCF780FE3062A0001E
:103A00002018FCF786FE306305B0F0BDF88BE48823
:103A1000001B0F30FCF772FE3062A000F1E70000DF
:103A20002000002024000020680200204F4E0000EB
:103A30004F464600000040410FB5012100280ED03E
:103A400004E00A2A01D1491CC9B2401C0278002AAC
:103A5000F7D1684680894843491E401880B204B0B7
:103A600000BD1FB5FCF7C2FB6946498904B0484355
:103A700080B210BD70B50D4648681449144C0EC98B
:103A8000002820D0FFF7D8FF21680830FF31C1316E
:103A90000880246840202146FF31C1310A88801AFD
:103AA000C003000C4032C88052080A814039626A63
:103AB0000D46CA64FCF72DFE28652069C1890220E5
:103AC00001F03EFB70BD2868DCE7000068020020C2
:103AD00020000020F8B5154D064628680F46FF3037
:103AE000CD3003C8FCF74AFE1ED100F0B3FB0446FC
:103AF000030002F00AFB070F0F0F0F0F05050F0061
:103B000028680069C08901F00BFB28680021FF309C
:103B1000A1300177002C07D0062C05D0B2683046C2
:103B2000002A01D039469047F8BD0000200000204F
:103B3000FEB5384D064628680B4601460269FF313E
:103B4000D1311289081FFFF7D2FD002000F03CFDA3
:103B50002C68606BFCF7E4FD00B20090E06AFCF7B3
:103B6000DFFD00B20290606AFCF7DAFD07B2E0699F
:103B7000FCF7D6FD022201B201923A462648029B8A
:103B800001F00FFF012000F01FFD81217468C905BD
:103B9000224F002C11D0FF202E68CD308059FCF729
:103BA00047FBFCF7BDFD029402B2B9687868FF36A6
:103BB000C13601910090708812E0FF202C68CD3052
:103BC0000059FCF735FBFCF7ABFD02B23068FF345F
:103BD000801C0290B9687868C134019100906088B7
:103BE0003B68001D01B20C4801F072FF2C682546AD
:103BF000FF35C1356888FCF78CFD20620620285E01
:103C0000FCF77CFDA062064820632888FCF781FD54
:103C1000A063FEBD200000202400002068020020D8
:103C20000000C84210B50021AE2001F0C1FC002107
:103C3000084601F0BDFC0021102001F0B9FC002174
:103C4000402001F0B5FC0021B02001F0B1FC0021C2
:103C5000812001F0ADFC0021FF2001F0A9FC002132
:103C6000A12001F0A5FC0021A62001F0A1FC00216B
:103C7000A82001F09DFC00213F2001F099FC0021CB
:103C8000C82001F095FC0021D32001F091FC002117
:103C9000084601F08DFC0021D52001F089FC0021AF
:103CA000802001F085FC0021D82001F081FC00215A
:103CB000052001F07DFC0021D92001F079FC0021D4
:103CC000F12001F075FC0021DA2001F071FC0021E7
:103CD000122001F06DFC0021DB2001F069FC0021C5
:103CE000302001F065FC00218D2001F061FC0021F5
:103CF000142001F05DFC0021AF2001F059FC10BD43
:103D0000F0B5064687B008682A4F02900C46B9689D
:103D100078680090F01C019102B2154603212648F4
:103D20003B6801F0D5FE206800783D2804D01DDCFA
:103D3000232824D0252817D1617F03AAE06803F047
:103D4000D3F90ECF03A80C3FFFF78BFE7A21081A98
:103D500001B203A80290BA687868019200902A46DE
:103D600015483B6801F0B4FE07B0F0BD402806D00E
:103D70007E28F9D103A9E06803F004FAE1E70920FD
:103D8000034600900221B01C019102B271210A4841
:103D900001F042FEE0680028E6D00520012103463C
:103DA000361D0191009032B27321034801F0F9FDF4
:103DB000DAE7000068020020240000200548002106
:103DC0000068054AC16780210A500121203001772F
:103DD000704700002000002000005041F0B50F4661
:103DE00004460120059920700F48E0600F482061CB
:103DF0000F4860611D461646204600F059FA2576A8
:103E000067760020A07604212020E661015500207D
:103E100005E04101E26908315054401CC0B2617EA6
:103E20008142F6D8F0BD0000BD3D0008E940000821
:103E3000353E0008FEB5044600F00CFA214620315C
:103E4000A44E01250091030002F05FF908828282EE
:103E5000056AC9F4F38237683878002878D0394683
:103E60006031087E002873D1A07E002829D0401E32
:103E7000C0B2A0768037019097493868FCF76EFA97
:103E800007460198FCF745FC3946FCF777FC42D21F
:103E9000009F0D21387848434021081AFCF72EFC7A
:103EA000616AFCF76BFC2AD138780D21484333381E
:103EB000FCF724FC376880373968FCF7B9F93860BB
:103EC00021E03869C07C0028C8D00D76607E401E95
:103ED000A0760099607E097888420AD97F4860629E
:103EE000607E0D2148434021081AFCF707FC80370B
:103EF0006EE00D21401E4843FCF700FC5AE0784973
:103F0000606A884201D1002054E037688037386801
:103F1000FCF78EF95CE07249606AFCF7DAF949E077
:103F200030680178002999D002466032117E00295C
:103F30000ED1637EA17E5B1E99420AD10169C97CC4
:103F4000002905D000211576A176803061620160DC
:103F50009CE0491CC9B2A17601918030006860499B
:103F6000FCF7FCF9009F02903878FCF7D2FB02992D
:103F7000FCF7AFF900900198401CFCF7CAFB0099D0
:103F8000FCF706FC26D238780D21401E4843FCF78A
:103F9000B5FB616AFCF7F2FB0ED138780D2148437E
:103FA0003338FCF7ABFB376880373968FCF795F995
:103FB000386005E0606269E04A49606A884201D180
:103FC0004648F7E73768464980373868FCF781F993
:103FD00038605BE04249606AFCF72AF9EAE7A17EB3
:103FE000E0694A0113460C33C7588158BC46002F7C
:103FF00000D00127097840290ED07E291BD0252921
:104000002CD021292FD0232932D0A368002B3DD0DA
:1040100081182046984739E010328158002901D094
:104020006F40C750207E012853D1306860304576FC
:104030002CE04EE027E03068FF3041300573A07E71
:10404000E1694001024610328A58002A1ED1A26856
:10405000002A1BD009182046904717E03068FF302F
:10406000E130057012E03068FF30A13005770DE0D7
:104070006146002900D001211C3281543068FF3094
:104080008130057602E0204600F020F9207E0128EC
:104090001FD130686030407E00281AD000200346CF
:1040A00011E0E269410157583F78402F01D0232F9A
:1040B00007D1A77E874202D00C31535001E00C316A
:1040C0005550401CC0B2617E8142EAD830686030F1
:1040D0004376FEBD20000020000050C100004C428D
:1040E0000000504100001842F8B5514D04462868C0
:1040F0000B4602690146D28880317C30FFF7F7FA1F
:1041000028687821095C002908D0616A406AFCF7B8
:1041100035FB03D128680021603001764448454EC4
:1041200000680078002802D00025414F5BE00025A0
:104130002AE03F4807683869407C0028A07E0ED0FE
:104140000D214843FCF7E5FA00902846FCF7E1FA18
:10415000F96FFCF7C6F80099FCF7BBF805E0281AE0
:10416000FCF7CCFAF96FFCF7BCF8616AFCF760F871
:10417000FCF7D6FA3080E069690141180020305E12
:10418000FFF7BEFD6D1CEDB2607EA842D1D8284D70
:10419000802128680958C06FFCF7F0FA26D12D68F5
:1041A00001202870A07E0C21C9434843FCF7A6FAE1
:1041B000616AFCF73DF880214851E86716E028461F
:1041C0000D214843FCF7A5FA3968C96FFCF730F8B0
:1041D000FCF7A6FA00B23080E1696A018918FFF79E
:1041E0008FFD6D1CEDB2607EA842E8D8104D002115
:1041F00028680162616A8162A17EE06949014658CE
:104200000D480EC83046FFF72CFC801DFCF781FAE4
:104210002D6828630948A863617EA07E491E80013D
:10422000FBF77CFF00B2401CFCF768FA6864F8BD3D
:10423000200000209006002068020020000050416D
:104240000348002100680176417601207047000094
:10425000200000200849002009680A7E4B7E9A420F
:1042600009D008461430105C521CD2B20A76042AD7
:1042700001D100220A7670472000002030B50B4B98
:1042800019684A7E0D7E541CA407A40FAC420AD0C4
:10429000143150541868417E491CC9B24176042932
:1042A00001D10021417600F0D1FE30BD2000002078
:1042B000054A12685368002B01D150609060526823
:1042C00042608160704700002000002070B50C4EF5
:1042D0000025316804460D734068086508698189C6
:1042E000042000F02DFF31684868A04207D1CD615D
:1042F000432000064D62C8628520C005486370BD3A
:104300002000002070470000F8B50F460446032047
:10431000069920701E4615462046FFF7C9FF0C4837
:10432000E0600C4820610C480021606124200155A8
:10433000677626620846E56105E04101E2690831D9
:104340005054401CC0B2617E8142F6D8F8BD0000D6
:10435000054300085D4400085D430008FEB50546BE
:10436000FFF778FF0446FFF76BFF0126384F002C5C
:104370000FD0012C0CD0022C0AD0032C50D0042CCE
:1043800055D0052C5BD0062C02D12846FFF79EFFA6
:10439000FEBD2F4C38780025E41E002812D020786E
:1043A000142802D2401C207001E025703D701020BE
:1043B00028490346019100901422029618212648AC
:1043C00001F0F2F97878002813D06078142802D22E
:1043D000401C607001E065707D701E4910204039FE
:1043E0000346019100901422029658211A4801F0C8
:1043F000DBF9B8780028CBD0A078142802D2401C72
:10440000A07001E0A570BD701249102080396C4683
:1044100043C4034614223C210F4801F0C5F9FEBDF8
:104420003E70AA682846002AF9D0E9690EE07E703D
:10443000AA682846002AF2D0E969203106E0BE7059
:10444000AA682846002AEAD0E96940319047FEBDB3
:1044500095060020B08E0008240000203EB51148CB
:10446000102401250190234614221821029500945E
:104470000D4801F099F90B4810238038019014225F
:104480003C2102950094084801F08EF9054810235C
:10449000403801901422582102950094024801F0FE
:1044A00083F93EBDD08E00082400002070B5064D73
:1044B0000024E00040190821FBF78DFE641CE4B2E3
:1044C000802CF6D370BD000052090020F0B5A1B0D9
:1044D000054600246E4620460021B03001F068F801
:1044E0000021084601F064F80021102001F060F876
:1044F0000120FCF7AFFC4020694608700021E00174
:104500004019425C7318491CC9B25A708029F8D30B
:104510000A4FB86BFCF7CAFB0128FAD181236A461F
:1045200078210648FCF7D6FE0120FCF793FC641CBA
:10453000E4B2082CCFD321B0F0BD0000A0060020CB
:10454000F0B5A1B01A4E00246D4620460021B030CF
:1045500001F02EF80021084601F02AF80021102071
:1045600001F026F80120FCF775FC40206946087030
:104570000021C8006A188019491C005DC9B250703A
:104580008029F6D30B4FB86BFCF790FB0128FAD1CA
:1045900081236A4678210748FCF79CFE0120FCF73E
:1045A00059FC641CE4B2082CCFD321B0F0BD00004C
:1045B00052090020A006002010B5024801F05EFD5F
:1045C00010BD0000840F002030B50B4B01251A7878
:1045D000002411466940002805D0012807D0022890
:1045E00000D1DD7030BDDC705A70997030BDDC7068
:1045F00059709A7030BD00008C020020F8B51A4D39
:104600000F4629686120CE1D4006F936F065FF206F
:1046100057300C46405AFCF77CF821463066FF3193
:104620001F2081314874612088742420C8742B2095
:1046300008751039786902F0A5FD2968B869FF315D
:10464000813102F09FFD09480EC82868FF307130A3
:10465000FFF707FAFF222968913250540869C1898F
:10466000022000F06DFDF8BD20000020680200204F
:10467000F8B51C4E074630680C46FF305D3003C865
:10468000FCF77CF82DD1FFF7E5FD0546030001F0AE
:104690003CFD081E050C1E1E1414281E2169E0682E
:1046A0004018A169884206DD15E02169E068401ADA
:1046B000616988420FDBE0600DE030680069C08905
:1046C00000F02EFD30680021FF3041300173002DD5
:1046D00007D0062D05D0BA683846002A01D02146F9
:1046E0009047F8BD20000020FEB56A4D04462868BA
:1046F0000B4601460269FF3161311289081FFEF73E
:10470000F6FF0020FFF760FFFF202E685D30805924
:10471000FCF706F802B220200227FF210090533157
:104720000197715E78235C4801F03BF90120FFF7A7
:104730004BFFFF202E685D308059FBF7F1FF02B27E
:104740002020FF21009053310197715E7823524859
:1047500001F062F9FF202E685D308059FBF7E0FF21
:10476000143002B207200121FF36009081360191FA
:10477000717C4223484801F04FF9FF202F685D30DB
:10478000C059FBF7CDFF001D02B22068434E801CCC
:104790000290B1687068FF37413701910090788AC4
:1047A0003368001D01B23C4801F092F9E06802F064
:1047B000D7FC00902868FF300130C06DFBF7B0FFD8
:1047C000001D07B2E06802F0CBFC0ECE0C3EFFF7F6
:1047D00048F92968FF314131898A081A001F01B25E
:1047E00000980290B2687068019200903A462A4898
:1047F000336801F06DF9FF202E685D308059FBF7BA
:104800008FFF143002B23046FF307130244F0290D7
:10481000B9687868FF36813601910090707C317CF0
:104820003B68411A1C48891E01F052F9FF202E688E
:104830005D308059FBF774FFFF36813614300296E5
:1048400002B2B968786800900191B17C1248891C65
:104850003B6801F03DF92D682846FF30813006465F
:10486000407C801CFBF755FF2862F07C801CFBF726
:1048700050FFA862A1696069E268091A101A3E2215
:104880005043FBF74BFCFBF739FF28630548A8634F
:10489000FEBD000020000020240000207402002043
:1048A0006802002000004040FEB53C480C46056808
:1048B000394A2946FF318131FF20EB300A670E4625
:1048C000405BFBF726FF70673549607F6D18002855
:1048D00006D001280BD0022818D0032830D14CE094
:1048E00030A12846A369626901F0CCFB28E0A069E9
:1048F000FBF704FF2D49FBF731FDFBF72AFF0646C6
:104900000F466069FBF7FAFE28490DE0A069FBF746
:10491000F5FE2749FBF722FDFBF71BFF06460F4676
:104920006069FBF7EBFE2249FBF718FDFBF711FF6F
:1049300002460B461FA128460197009601F0A2FBF4
:104940001E4D20680ECD801C0C3DFFF78AF8134FDA
:1049500081213E6889008855881C0ECD3018FFF7EC
:1049600080F80F4A3968521E505400202077086999
:10497000C189022000F0E4FBFEBDA069FBF7BEFE8A
:104980000F49FBF7EBFCFBF7E4FE06460F466069B8
:10499000FBF7B4FE0A49C7E7000030C22000002040
:1049A0000602000025647E2564000000000020410E
:1049B0000000C84225677E256700000074020020C1
:1049C00000007A44F3B53B4F0C4638680025FF30B1
:1049D000F13003C881B02E46FBF7D0FE40D1FFF77F
:1049E00039FC030001F091FB08321624050D4E5BE3
:1049F0004D32207F00282DD1206907282ADA401C5B
:104A000006E0207F002825D12069002822DD401EF5
:104A100020611FE0217F00291CD00125002122698F
:104A200003E00A235D43491CC9B28A42F9DC0DE068
:104A3000217F00290ED00025ED430021226903E0EB
:104A40000A235D43491CC9B28A42F9DC002807D019
:104A5000062805D001988268002A01D02146904797
:104A6000E068002D01D04119E160E168002E01D01D
:104A70004942E1606269914202DBA269914200DD34
:104A8000E060FEBD2069072805D0207F002804D003
:104A900000202077DEE70126DCE70120F9E738680F
:104AA0000069C08900F03CFB38680021FF30E1302C
:104AB0000170D5E720000020F0B57A4E044630683A
:104AC0000B4601460269FF31F53187B01289081F94
:104AD000FEF70DFE0020FFF777FDFF203568F1306F
:104AE0004059FBF71DFE02B22C200227FF21009047
:104AF000E7310197695E64236B4800F052FF0120A3
:104B0000FFF762FDFF203568F1304059FBF708FEE2
:104B100002B22C20FF210090E7310197695E6423E7
:104B2000614800F079FFFF203568F1304059FBF70C
:104B3000F7FDFF35001DFF3502B2023528792168E7
:104B40005A4D891C0291AB68696880270091381A18
:104B5000C10F08180193411053482B6800F0B8FFAB
:104B60003668FF20F1308059FBF7DAFD123002B2CF
:104B70004F494F48491C805D711802914D49381AC0
:104B80008E684B680093C30F1818019640100B688D
:104B90000146454800F09CFF607F00282BD02E2660
:104BA000012804D0022813D0032824D15EE03D4818
:104BB0000068FF308130006FFBF7B2FD1D300296B8
:104BC00002B2A96868680191009058212B680FE033
:104BD00034480068FF308130006FFBF7A1FD1D30C5
:104BE000029602B2A9686868019100902B684F2173
:104BF0002D4800F0F5FC30A103A8E26801F042FA6C
:104C00001D27284D00262868FF308130006FFBF7F4
:104C100087FD1D3002B203A8805D0290234883689F
:104C2000416800910193036839461F4800F0D8FCA1
:104C30000937761CF6B2FFB2082EE4D32D6820485F
:104C4000286320690721081AC10040181C30FBF7AF
:104C500055FD2862207F002819D0FF20EB30405BF3
:104C60001B30FBF756FDA862164818E00D48006897
:104C7000FF308130006FFBF753FD1D30029602B20A
:104C8000A96868680191009046212B68B0E7FF2071
:104C9000EB30405B2730FBF73CFDA8620A48A86375
:104CA00007B0F0BD20000020240000207402002086
:104CB0000502000068020020252B30386400000047
:104CC00000001041000060410000404010B50D4957
:104CD00000200C680C49E165A0650C492166812122
:104CE000C9056166C1210906A166E0668520C00587
:104CF000206707483E210089081AFBF7FFFC606720
:104D000010BD00002000002000001042000070C113
:104D100080020020FFB50F4600250999164604467B
:104D20000570FFF7C5FA0C48E0600C4820610C489C
:104D30006061242005556776E661039820620020B3
:104D400005E04101E26908315054401CC0B2617E67
:104D50008142F6D8FFBD0000CD4C00089D4E0008F2
:104D6000654D0008F8B50446FFF774FA0746C125FB
:104D70008526204646492D06F605464A20303B004A
:104D800001F0C3F907252525052646822500176869
:104D90003A78002A1BD00279002A06D0521E0271EE
:104DA000F86DFBF745FAF8652DE03969897C002933
:104DB0000DD0617E491E0171607E2321C943401ED2
:104DC0004843FBF79BFC11E03E67BD66F861F8BD08
:104DD00017683A78002AFAD0637E02795B1E9A42FD
:104DE0000ADA521C0271F86DFBF773FAF8652A496A
:104DF000F869FBF76EFAE7E73969897C0029E6D0A4
:104E000000210171F9652449F869FBF711FADBE724
:104E100005460079E16940010B581B78402BD6D03C
:104E200001267E2B06D0252B17D0212B1AD0232B21
:104E30001DD00BE01068FF30413006732879E1691E
:104E40004001024610328A58002AC0D1A268002AC6
:104E5000BDD0091820469047F8BD1068FF30E130FA
:104E60000670F8BD1068FF30A1300677F8BD034624
:104E70000C33CB58002B00D001231C300B5410688E
:104E8000FF3081300676F8BD2046FFF71FFAF8BDE7
:104E9000000010422000002000007041F0B5664C78
:104EA000054620680E46016985B08A88014633466A
:104EB0005C315830FEF71BFC2068334601698A8854
:104EC000014664316030FEF712FC20683346016908
:104ED0008A8801466C316830FEF709FC2068334649
:104EE00001698A88014674317030FEF700FC2F4654
:104EF00020373979E869490146582068006FFBF787
:104F00000FFC00B203904D480EC8B01CFEF7A9FD7F
:104F100040084021081AB61C484A01B2029650685F
:104F20009268009001924548039A0368444800F053
:104F3000CFFD2068806EFBF7F3FB01B218200090D4
:104F400000223E48019200893E22101A02B2082334
:104F50003B4800F026FD20680078002803D000249C
:104F600001261E2759E0002429E0334806683069ED
:104F7000007C0028B06D07D0FBF7D2FB39792422E2
:104F800060435143401A04E0FBF7CAFB3979611AC8
:104F90004843313000B20390306EFBF7C1FB2B6AFF
:104FA00078216143591802B201201E230191029019
:104FB00000932348039900F0F7FB641CE4B2687E79
:104FC000A042D2D81C4C2068C16D806DFBF7D6FB87
:104FD00026D124680120207038792321C943484311
:104FE000FBF78CFBE065A0651AE013480068806D54
:104FF000FBF796FB242161434018313001B2286A47
:1050000078226243801801901E23042200970296A2
:105010000B4800F0C9FB641CE4B2687EA042E4D8EF
:1050200005480849006801627F21C9058162064977
:105030000163816305B0F0BD2000002080020020E4
:1050400024000020000038420000104202480A21DB
:1050500000684030017570472000002070B52F4C6B
:10506000216840318A89CB899A4208D810188881F2
:10507000FFF7E6F820680A214030017525E0087A3C
:105080000022002802D0012810D01EE0487A4307F1
:1050900085065B0F6D0FAB4217D20323D841012366
:1050A0005B07C0181D23D84148720DE0487A4307BA
:1050B00085065B0F6D0FAB4207D9C308401EDB00AE
:1050C0004007400F03434B728A8120684030417A89
:1050D0004A078906520F490F8A4201D1012100E097
:1050E000002181720020FFF76FFA20684030407A7B
:1050F0004007400F030001F008F8050904060D0FF2
:105100000900012000E00220FEF7C9FA0120FFF7A4
:105110005BFA70BD0320F7E70420F5E720000020CC
:10512000064901220968C72340310A724A7A1A40A7
:105130004A7200228A72C8818A817047200000204A
:1051400030B5084A00231268C72540321372547ADA
:1051500040072C40800E044354729372D181938196
:1051600030BD000020000020FEB5684E04463068C7
:10517000234601694A88014620311C30FEF7B7FA00
:105180003068234601694A88014628312430FEF7F9
:10519000AEFA3068234601694A88014630312C3026
:1051A000FEF7A5FA3068234601694A88014638317E
:1051B0003430FEF79CFA3468A0680378FF204D3045
:1051C000025D022A32D0FF209930015D02250229BA
:1051D00013D0FF20BD30005D022845D0FF34E134FC
:1051E0002478022C59D0002B72D0012B3BD1002AFD
:1051F00039D1002937D1002835D10220FFF7E4F951
:105200003468606BFBF78CFA00B20090E06AFBF741
:1052100087FA07B2606AFBF783FA06B2E069FBF728
:105220007FFA01B23B463246019515E00220FFF7B6
:10523000CBF93468606BFBF773FA07B2E06AFBF7EF
:105240006FFA06B2606AFBF76BFA05B2E069FBF72A
:1052500067FA01B2012035E02C48001D00F0A1FBE7
:105260000120FFF7B1F9FEBD606BFBF759FA00B200
:105270000090E06AFBF754FA07B2606AFBF750FA55
:1052800006B2E069FBF74CFA01B220483B463246D1
:10529000001D019500F0C0FBFEBD0220FFF794F950
:1052A0003468606BFBF73CFA07B2E06AFBF738FA48
:1052B00006B2606AFBF734FA05B2E069FBF730FA30
:1052C00001B2002033462A4600970190C4E7FFE769
:1052D0000220FFF779F93468606BFBF721FA07B217
:1052E000E06AFBF71DFA06B2606AFBF719FA05B22D
:1052F000E069FBF715FA01B2052001900348334637
:105300002A460097001D00F0C2FAA9E720000020FD
:1053100000B5002916D048600B48FF230068002222
:105320004D331A54FF23E1331A54FF2399331A548F
:10533000FF23BD331A54027301650069818904207B
:10534000FFF7FEFE00BD00002000002001460548DA
:1053500000688068002803D0C268002A00D0104787
:10536000704700002000002010B5FFF777FE0848C6
:105370004A210068095C002909D0016D8160002183
:1053800001700121017300698089FFF7C9FE10BD1A
:1053900020000020F1B5304E30688068002820D011
:1053A00004780025002C02D0012C0AD105E024212C
:1053B000095CC2694901551803E0827EC169520146
:1053C0008D1802690746009990470098FFF746FE3E
:1053D000012C07D0002C05D030687A6980680099CC
:1053E0009047F8BDFF2130684D31095C002912D18A
:1053F000FF21E131095C00290DD1FF219931095CC0
:10540000002908D1FF21BD31095C002903D17A6947
:1054100080680099904730682A468168FF304D3097
:10542000009B00F0D7FB30682A468168FF30993036
:10543000009B00F0CFFB30682A468168FF30BD300A
:10544000009B00F0C7FB30682A468168FF30E130DE
:10545000009B00F0BFFBF8BD20000020F8B5364DE2
:105460000746296802268C68084622784030032ABD
:105470000CD0027D002A4ED0521E0275087B0028F7
:105480002FD0012836D0022842D139E000220275FF
:10549000087B002804D001280ED002283BD113E05D
:1054A000FEF772F93846FFF775FF3846FFF75CFFE5
:1054B000384600F047F82EE03846FFF747FF2868E7
:1054C00006738068226909E0FEF75EF928682269A0
:1054D00080683946904728686269806839469047F5
:1054E00019E0FEF751F93846FFF754FF3846FFF749
:1054F0003BFF0AE03846FFF729FF2868067307E0FC
:10550000FEF742F93846FFF745FF384600F01AF833
:105510003846FFF729FE0124A4022246074908481D
:10552000FAF779FE002806D0224604490448FAF723
:1055300039FEFFF741F8F8BD20000020840F00205D
:10554000900200207CB5194D03462C682169CA8859
:1055500021464431081FFEF7CAF8286880680078A1
:10556000002821D001281FD1002380227D21281D61
:1055700000F0E9F93F2380227D21281D00F0E3F9A6
:10558000402300227E21281D00F0D8FA2868006CF4
:10559000FBF7C6F8002100B20A46019100900323F0
:1055A0007D21281D00F0FDF97CBD000020000020B9
:1055B0001FB50123002969460873074A03A8019310
:1055C0000292009001D0402201E0012300227821C4
:1055D0000248FBF70FFF1FBDFFFF0000A0060020E1
:1055E0000FB4F0B585B00C460646109869460C9D80
:1055F000098F59232038DB000835CA1AC0B22FB2F0
:1056000099424AD02BDC442930D099229200914211
:1056100024D10C2141434000019100250621401C6A
:105620004843009001980D9940190B5C2146304683
:105630000C9A00F0EAFA00980D9940190B5C3A4672
:105640002146304600F0E1FA0420641C305E24B2AA
:10565000A04203DB6D1CEDB2062DE3D39EE0682A69
:1056600041D0FF3AFF3A022A16D161E00025062117
:1056700007464F430D987919435C214630460C9AF2
:1056800000F0C3FA0420641C305E24B2A04203DBA5
:105690006D1CEDB2062DEDD380E041000E2250438B
:1056A000491C01900025C800401A009001980D99EE
:1056B00040190B5C214630460C9A00F0A6FA00987F
:1056C0000D9940190B5C3A462146304600F09DFA90
:1056D0000420641C305E24B2A0425FDB6D1CEDB27E
:1056E000072DE3D35AE0410000010190C8000D9955
:1056F00000250818009001980D9940190B5C21466F
:1057000030460C9A00F081FA294600980831435C33
:105710003A462146304600F078FA0420641C305E98
:1057200024B2A0423ADB6D1CEDB2082DE3D335E084
:1057300024214143039141004018411C0C22801C4C
:1057400051435043029101900C980025103000B253
:10575000009003980D9940190B5C214630460C9A35
:1057600000F053FA02980D9940190B5C3A46214615
:10577000304600F04AFA01980D9940190B5C214619
:105780003046009A00F041FA0420641C305E24B2D6
:10579000A04203DB6D1CEDB20C2DDAD3204605B020
:1057A000F0BC08BC04B01847FFB581B00B990A984B
:1057B0001E46002960D0C117490F09184A05C908BB
:1057C000170EC900401AC0B20025009026E0002440
:1057D00020E00199029804228A5E001990421BDCA5
:1057E0000399EA005118019A0623D35E994243DCDB
:1057F0000C9A012A2A4619D00B9B72431B19D25CC2
:10580000D243D2B213460AB201B2019800F0FDF9B8
:10581000641CE4B2B442DCDB6D1CEDB2BD42D6D3F5
:105820000098002828D00024FF2523E00B9B72431A
:105830001B19D25CE6E70199029804228A5E0019DE
:10584000904219DC0C993A46012917D00B99724302
:105850000919525C009B294699408A43D143CBB237
:105860000399FA0051180AB201B2019800F0CDF97B
:10587000641CE4B2B442DEDB05B0F0BD0B997243A8
:105880000919535C009A294691408B43E8E7FFB51C
:1058900083B00C9E0D9C1D461746012B51DB012E3B
:1058A0004FDB002C4DD0B54201DD701E00E0681EBC
:1058B000C005000E844200D9044604983B460019F6
:1058C000401E02B202920499039800F03CF804983A
:1058D0003B464019411E0DB2001B01B22A46019100
:1058E000039800F030F8B8190090401E06B2334615
:1058F000029A0499039800F026F833462A46019943
:10590000039800F020F83819401E03B23A4601937C
:105910000499039800F012F900983346001B04B272
:1059200022460499039800F009F929463A46019B5A
:10593000039800F003F9334622462946039800F005
:10594000FDF807B0F0BDFFB581B01E460C0000D5D4
:105950000024002A00DA002201990420085EA042F7
:1059600000DA0446904200DA024608460621415E0B
:10597000B14214DB002E12DB944202DD10462246B7
:1059800004460025171B08E0601901B201233246C6
:10599000019800F03AF96D1CEDB2AF42F4DA05B0AF
:1059A000F0BDFFB583B00C9E0D9C1F46012B31DB73
:1059B000012E2FDBB74201DD701E00E0781EC0050E
:1059C000000E0090844200D90446002501941FE097
:1059D0000598401903B20498C019001B401E02B27A
:1059E0000498001901B20398FFF7ADFF01988542B2
:1059F00003D2002C01D0641EE4B2301A401EA8422B
:105A000004DC0099601C884200D8C4B26D1CEDB261
:105A1000B542DDDB07B0F0BDFFB585B00E9E0F9C33
:105A20000F46012B52DB012E50DB701E0390B34258
:105A300000DC581EC005000E0290844200D90446C6
:105A40000025F818049401903EE0002D10D0039832
:105A50008542079814D18019401E03B20198001B9B
:105A6000401E02B2381901B20598FFF76CFF19E029
:105A70000198079B001B401E02B2381901B2F3E7E0
:105A8000401902B2381901B200920123059800F0C2
:105A9000BCF801980123001B401E01B2009A059832
:105AA00000F0B3F80498854203D2002C01D0641EA4
:105AB000E4B2301A401EA84204DC0299601C8842FD
:105AC00000D8C4B26D1CEDB2B542BEDB09B0F0BD6A
:105AD0000FB4F0B585B007466846808F04906846DD
:105AE000408F16460B9D109C03901FE00A2805D19D
:105AF0000498761C80190B9D06B2641C20780F99BF
:105B000002900E98019100903246294638460D9B2E
:105B1000FFF766FD0398641C401905B20420385E47
:105B2000A84206DB0620385EB04202DB207800285F
:105B3000DCD105B0F0BC08BC04B01847FFB581B09B
:105B400014000E4600D50024002B00DA0023019932
:105B50000420085EA04200DA0446984200DA0346B8
:105B6000B04235DB002E33DB9C4202DD1846234673
:105B70000446181B072806DAFF21401C8140C84351
:105B8000C3B2224620E0C117490F09184A05C908C7
:105B90000025170EC900401AC0B2009009E0E800C5
:105BA000001902B2FF233146019800F02EF86D1C57
:105BB000EDB2BD42F3D30099FF20491C8840C04399
:105BC000C3B2E800001902B23146019800F01DF896
:105BD00005B0F0BD70B50446007815460E460028A5
:105BE0000BD001280AD0022807D1E26919462846BD
:105BF0009047226A29463046904770BDA2692946DF
:105C0000304690470220207070BDF8B5044604204D
:105C1000205E0D46A84239DB0620205E904235DB2F
:105C2000002D33DBD11D31DD411ED61DB14203DA1B
:105C3000811AFF2088408343901D062804D25042D9
:105C4000C3400220205E02E00220205E8018C117BF
:105C5000490F09184A05C908160EC900401AC0B2F2
:105C600019468140CAB20821091A1F46CF400028B0
:105C700020880CD0401900B23146FDF765FD208820
:105C80003A46401900B2711CFDF75EFDF8BD40199F
:105C900000B21A463146F7E710B50021AF20FFF7F2
:105CA00087FC10BD7047000010B50C46086816A1AF
:105CB000FAF7A3FA002802D10120FBF7CBF814A1D0
:105CC0002068FAF79AFA002802D10120FBF7C2F8FF
:105CD00011A12068FAF791FA002802D10120FBF700
:105CE000B9F80FA12068FAF788FA002802D101203C
:105CF000FBF7B0F80CA12068FAF77FFA002802D170
:105D00000120FBF7A7F810BD707265760000000057
:105D10006E65787400000000706C6179000000000E
:105D2000766F6C7000000000766F6C7300000000EE
:105D3000F8B5054600680024C168490619D4C16851
:105D400080221143C160FBF7CFF92E46074620366B
:105D500009E0FBF7C9F9C11B7D20C000814202D9CF
:105D60000420707001242868C068400601D4002C0B
:105D7000EFD02046F8BD70B5044600680025C16824
:105D800080229143C16020688068800608D4204644
:105D9000FCF79AF9002803D0042020346070012514
:105DA000284670BD10B50248FCF702F910BD00008E
:105DB0003C0700207047704710B5FBF715FC10BD7D
:105DC00010B59AB034216846FAF705FA14210DA8E7
:105DD000FAF701FA1C2112A8FAF7FDF91D4801682B
:105DE0000322D2029143C214891801600A20009054
:105DF0001020049002200990400401210B90000122
:105E0000059100240C9003910A946846FBF74AFE22
:105E1000002801D072B6FEE70F200D9003200E90EF
:105E20000F941094012111940DA8FBF72FFD002869
:105E300001D072B6FEE7282017941290012040048A
:105E4000139012A8FBF766FC002801D072B6FEE79B
:105E50001AB010BD007000407047000010B5024835
:105E6000FCF709FA10BD0000A007002010B5024899
:105E7000FCF701FA10BD00006007002070B5026851
:105E800001239B07114C124D984203D0A04201D030
:105E9000A84203D17026B2434E683243984203D0E1
:105EA000A04201D0A84204D103231B029A43CB682D
:105EB0001A4380239A430B691A4302608A68C262BC
:105EC000096881620121416170BD00000008014044
:105ED0000014014030B58468FF252D021B021343D6
:105EE000AC430B432343836030BD70B5026800248C
:105EF00093687025AB434D681D43ED080B68ED00BA
:105F00002B4393604A6813071B0F31D11211130002
:105F100000F0FBF8082F2F2F2F0C2228052E0B69DD
:105F20008A68C9680068FFF7D5FF22E00A68052A79
:105F300010D00268156A136A5B085B00136202687E
:105F400093690969F026B343090119439161006817
:105F500005620EE0012070BD0A698968006800F0E2
:105F60000AF806E00A698968006800F015F800E0A0
:105F70000124204670BD30B5036A046A64086400D9
:105F800004628469F025AC43120122430A24A3432E
:105F90000B438261036230BD30B5036A1024A34312
:105FA00003628369046A0F252D031203AB431A436E
:105FB000A0239C43090121438261016230BD00009E
:105FC00038B5FDF7E1FBFEF7F7FA0120FEF7FCFA22
:105FD000204B1F481A460090603A03211E48FEF7E6
:105FE00099FE1E4800901C4800231D4A05212838B0
:105FF000FEF78AF91B480090174800231A4A0D2122
:106000002830FDF7EBFE1948009013480023184A8A
:1060100003215030FDF7E2FE154A0F48002401230A
:106020006032062178300094FDF7D8FE0A4800233C
:10603000104A0921A0300094FDF7D0FE0648002345
:106040000D4A0821C8300094FDF7C8FE38BD000095
:1060500051360008E8860008AC130020A95C00084F
:1060600050880008B75D000850890008310A000810
:10607000F08A0008108C0008308D000810B5FEF77B
:1060800025FA10BD0FB410B504A9074B02AA039856
:1060900000F026F9044602A9002000F0BDFC2046CD
:1060A00010BC08BC04B01847196A00082021020C73
:1060B00001D010211046020A01D010460839020909
:1060C00001D01046091F820801D01046891E4208DF
:1060D00001D0881E7047081A7047F8B5040C8BB2BF
:1060E000264682B25E430D0C1046370C58433604E8
:1060F00080190021794116466E43370C3604801909
:10610000794126466E438919F8BD30B47446641E41
:106110002578641CAB4200D21D46635D5B00E3182A
:1061200030BC18478307FF22DB0E9A408907090E0F
:106130009940002808DB830809489B001818036869
:1061400093430B43036070470007000F0838830830
:1061500004489B001818C36993430B43C3617047FD
:1061600000E400E000ED00E002E008C8121F08C1F2
:10617000002AFAD170477047002001E001C1121FC8
:10618000002AFBD170470000F0B51FB484B0079817
:106190000699020D014314D04A484B491018484350
:1061A00005140F9801280E981CD0281A401C0024B2
:1061B000464E4749009401910290002814DA474264
:1061C00027E00F98012443A3012808D00021049858
:1061D0000F9A84600360C260416009B0F0BD0E9800
:1061E000C143F4E74042E2E7074612E0F80707D070
:1061F0002246334601990098FAF7A0F901910090E0
:106200002246334610461946FAF798F904460E46D8
:106210007F10002FEAD10298019B0028009A07996D
:10622000069802DAFAF78AF901E0FAF7EFF904467C
:106230000E460022284BFAF7A9FB03D80020C043E2
:10624000014607E00022254B20463146FAF7C4F804
:10625000FAF77CFB102409E0002C0ADB0A22002359
:10626000F9F770FF059B30321A55641E02460A4347
:10627000F2D11122641C059B121B1C190F9B012BD0
:1062800003D0012308430ED10AE0084304D01120B3
:106290000E9000200F9084E70E98151A6D1E0BE0EB
:1062A0000E98824202DD00236D1C03E0824201DA77
:1062B00000236D1E002BEED004980F998260C16000
:1062C00030C08AE701FCFFFF104D000000002440B1
:1062D0000000F03F300000000000F0430000E03F0D
:1062E000FFB597B00646002518E2252877D100248F
:1062F0002746FD49049400E00443761C32780120CF
:10630000203A90400842F7D130782A280ED0022255
:10631000307801463039092916D804990A2359439F
:10632000303940181443761C0490F1E7189802C8DD
:1063300004911890002904DA0120400304434842E4
:10634000049002200443761C30782E2814D10420B7
:1063500004437078761C2A2809D11898761C80C8C6
:10636000189009E00A214F43303FC719761C307856
:10637000014630390929F5D930786C2810D006DC6F
:106380004C281AD068280ED06A2817D104E0742847
:1063900013D07A2812D110E00120400504430CE00C
:1063A0000121090501E0032109050C4371788142AF
:1063B00003D1012000052418761C761C307811903A
:1063C00066280BD013DC58287DD009DC00287BD050
:1063D0004528F6D04628F4D047281AD1A5E118E080
:1063E000632835D0642870D0652812D19DE17028CB
:1063F0006CD008DC6728F1D069287BD06E280DD0DE
:106400006F2806D1BAE073282ED0752871D078286D
:1064100059D01A9A199990476D1C7EE16002400F7D
:10642000022809D003280DD00428189801680DD03F
:106430000D60001D189070E11898EA1701680D6052
:106440004A60F6E7189801680D80F2E70D70F0E7F2
:1064500018986A4601781172001D18900020507239
:1064600002A80090012005E0189802C818900020AA
:106470000091C04361070DD5002101E00199491C3D
:106480000191B94212DA8142F8DB009A515C00298D
:10649000F4D10BE0002101E00199491C01918142F6
:1064A000FADB019A0099895C0029F5D101990498D9
:1064B0001A9B471A21463846199A00F097FA019913
:1064C000401945180BE04FE02CE113E04EE0009836
:1064D00000990078491C00911A9A199990470198DF
:1064E000401E0190401CF2D1214638461A9B199A51
:1064F00010E137E00A200021009001916002410F75
:10650000022907D0189A01CA1892C2179446032983
:1065100008D00AE01898C01DC108C90005C9189123
:10652000944607E000B2C2179446042902D140B253
:10653000C1178C4600226146944506DA0A460021BE
:10654000404291418C462D2102E0210504D52B21AA
:106550006A461173012103E0E10701D02021F7E72A
:10656000029155E00A200AE0102008E01020009077
:106570000021042004430191082703E008200021A2
:10658000019100906002410F022907D0189A01CAB8
:10659000189200229446032908D008E01898C01DDC
:1065A000C108C90005C91891944603E080B20429C6
:1065B00000D1C0B200210291210729D5119970297B
:1065C00006D0009A1021019B4A401A4305D00EE0E4
:1065D00040216A461173012108E06146014306D05B
:1065E00030216A4611731199517302210291009A68
:1065F0000821019B4A401A430AD16146014301D157
:10660000610705D530216A46117301217F1E029171
:106610001199582904D035A10E910DA90D910DE0C5
:1066200037A1F9E76146019B009AF9F78BFD0E9BB4
:106630008C469B5C0D9A521E0D921370614601436D
:10664000F0D10D9805A9081A20300190600703D5F4
:1066500001200004844300E001270198874201DD06
:10666000381A00E00020019900904118029809189A
:106670000498401A0490E00306D421461A9B199A04
:10668000049800F0B3F94519002706E003A81A9A08
:10669000C05D199990476D1C7F1C02988742F5DBFD
:1066A000E0030CD521461A9B199A049800F09EF934
:1066B000451904E01A9A3020199990476D1C0099E9
:1066C000481E00900029F5DC08E00D980D9900782F
:1066D000491C0D911A9A199990476D1C0199481EF1
:1066E00001900029F1DC63E10928010030313233E7
:1066F00034353637383961626364656600000000FE
:1067000030313233343536373839414243444546E7
:106710000000000000F05AF94519761C3078002876
:1067200000D0E2E528461BB0F0BD600700D4062784
:106730001898C01DC108C90048680A680831C30F0D
:10674000DB071891190001D09CA108E0210501D5B3
:106750009BA104E0E10701D09AA100E09AA14300C7
:1067600011985B08109165280CD006DC452809D0EB
:1067700046281DD0472841D141E0662818D0672817
:106780003CD13CE00021112F01DB112000E0781CFE
:106790000191009008A911A8FFF7F6FC1399059143
:1067A0000021119A15927F1C12980197009150E0D8
:1067B0000120C00703900120019008A9009711A8AB
:1067C000FFF7E2FC139A149905920022119B0092A4
:1067D00012981593059A0192002901D0104602E003
:1067E000791C40180190381A01D5019804E0404204
:1067F000401E0090781C0190C01B029043E0012FC6
:1068000000DA01270021112F01DD112000E03846B8
:106810000191009008A911A8FFF7B6FC1399059102
:10682000119A0021129815920091019721070CD41A
:106830000599B94201DB019900E00191012904DDCC
:10684000159A491E515C302906D0B84201DA011D63
:1068500005DA0121029115E00199491EEDE70028B2
:1068600005DC0099411800910199091A03E0019A89
:10687000411C914200DD01910099401A401C029098
:106880000120C0070390200706D402990198814295
:1068900002DB0020C043029000206946C87707AFA2
:1068A000012103980337C907884224D002201190A0
:1068B0002B201290039800280CDA404203902D20E0
:1068C000129007E00A210398F9F712FC30317F1E7D
:1068D000039039701199481E11900029F2DC039839
:1068E0000028EFD1791E12980870307820210840D6
:1068F0004530BF1E387006A8C01BC01D03901098FD
:106900000078002800D00120019941180298C01792
:106910000918039809180498401A401E0490E003CF
:1069200006D421461A9B199A049800F05FF845197D
:1069300010980078002803D01A9A199990476D1C76
:10694000E00324D521461A9B199A049800F04EF8CA
:1069500045191CE00098002807DB0099059888423B
:1069600003DD1598405C199901E0199930201A9AB5
:10697000904700986D1C401C00900298401E0290A9
:10698000002804D11A9A2E20199990476D1C01995C
:10699000481E01900029DDDC05E038781A9A7F1C3A
:1069A000199990476D1C0399481E03900029F4DC47
:1069B00021461A9B199A0498ACE600002D000000AD
:1069C0002B0000002000000000000000F8B5044685
:1069D00000251E461746880404D405E039462020C9
:1069E000B0476D1C641EF9D52846F8BDFFB50446B6
:1069F000002581B01E46C80301D5302700E02027BE
:106A0000880404D505E038460399B0476D1C641E20
:106A1000F9D5284605B0F0BD0A68531C0B6010700C
:106A200070470000F0B50020234B244C244D024653
:106A30000146302671435A50C918401C0D61C0B23E
:106A40008C60CA600928F3D91B4E3F20403634467B
:106A5000403498807D2098862246FA204032B084C7
:106A60004000A08240009080400090861546400083
:106A70004035A88411464000803188820846114F75
:106A8000403087807D27FF01878608279F850D235B
:106A9000B3831223A3811723A3871C239385212269
:106AA000AA8326228A812B228A873021818535215B
:106AB00040308183F0BD0000700D0020E17AB43FCA
:106AC00000770100E02E000010B5002301222E49BE
:106AD0002E4800F05DF92E4A03212C4800F073F88F
:106AE0002A4800F073F9294801231A4626492C3018
:106AF00000F04EF92548274A03212C3000F063F8B6
:106B000022482C3000F062F92048022301221E495D
:106B1000583000F03DF91D481F4A0321583000F05D
:106B200052F81A481D4A0521583000F04CF8174811
:106B3000583000F04BF915480323012212498430E4
:106B400000F026F91148164A0321843000F03BF882
:106B50000E48843000F03AF90C48042301220A4917
:106B6000B03000F015F909480E4A0321B03000F0AA
:106B70002AF806480C4A0521B03000F024F80348F2
:106B8000B03000F023F910BD7D6F000838080020F8
:106B90008D0A0008590A0008830A0008790A0008CB
:106BA0006F0A0008650A0008630A000870B5054608
:106BB0000024291901222046F9F79CFF641CE4B245
:106BC000092CF6D970BD89000818C260704770B5ED
:106BD0000446A168007988470146E078420702D060
:106BE0002288521C2280C309C7228B420FD0062361
:106BF000D84101235B07C0181A23D84183065B0FD5
:106C0000E070032B05D34006400EC9010843104035
:106C1000E070C0B24107490F00250B00FFF775FA7D
:106C2000060421437EB59DB5C1094006C00F8142CF
:106C3000A07811D10007000FA070E168002901D0F1
:106C4000204688472580A07800090001401CA070DC
:106C5000E0787EE0E07070BD0007000F8030A0702B
:106C600070BDC1094006C00F81420AD0A07800075C
:106C7000000F1030A0702169002961D0204688479C
:106C80005EE020885028EBD9A0780007000F503034
:106C9000A070216A002901D020468847E078C0080A
:106CA000C000401DD6E7C1094006C00F81421ED179
:106CB000A0780007000FA070E168002901D02046ED
:106CC0008847A078C143090706D00421C841890636
:106CD00040181C21C841A0706169002901D02046DC
:106CE00088472580E078C008C000C01CB2E7208833
:106CF0000E28B5D9A0780007000F012802D002287D
:106D000004D041E03030A070A16902E04030A070B2
:106D1000E169002938D02046884735E04206C1099C
:106D2000D20F914212D0A0780007000F1030A0704F
:106D30002169002901D02046884720880E2823D2C7
:106D40002580E078C008C000801C83E721880E29D8
:106D500086D9C008C000401C7CE7C1094006C00FAE
:106D60008142A0780AD10007000F6030A070616AEC
:106D7000002900D174E72046884770BD0007000F46
:106D80001030A0702169C4E7E078C008C00061E756
:106D9000F8B50F461E46154604462C21F9F71BFA96
:106DA000A0780007000F8030A070A760E078002D69
:106DB00009D04006400EBF210840E907490E0843AC
:106DC000E0702671F8BD80210843F4E7074B19688D
:106DD0000A4605E0814202D10020C0437047896A1B
:106DE0000029F7D18262186000207047140000204B
:106DF00010B50548046803E02046FFF7E8FEA46AE2
:106E0000002CF9D110BD00001400002010B500289E
:106E100023D0124B0022001F196803E0814203D8DF
:106E20000A4649680029F9D1002A0AD01368841A51
:106E30009C4204D1006818181060104602E05060AF
:106E400000E01860002907D002680B1A934203D1B2
:106E50000B68D21802604968416010BD9806002096
:106E6000FAF7CAFBFEF7ACFFFCF752FAFCF73CFA64
:106E7000FCF792FBFCF75AFBFCF7C4FBFCF70CFB9E
:106E8000FCF73AFB01220449044800F009F801200C
:106E9000F9F7E0FFF6E700001C0000201D000020CD
:106EA000F8B50C46017805460520032702260B009D
:106EB000FFF72BF90604151609181A1500F0C4F887
:106EC0002F70002010E0FFF7FFFD0848FBF7ACF93A
:106ED0000748FBF7A9F9FFF773F82E702770F8BD84
:106EE0002670F8BD287004202070F8BDA00700208F
:106EF00060070020F0B50B30C108C900144F002610
:106F0000144A0FE003688B420BD38B4205D95C1AFD
:106F10004318456830C3083B00E04368136002C073
:106F200004E0021D10680028ECD13046002803D18F
:106F30003868002801D00020F0BD064A06481060DD
:106F4000064A121AD208D20044C001203860D7E79E
:106F50009C06002098060020A4140020A016002003
:106F600010B5C200044C121A101900238170A354EA
:106F70000121817110BD0000520D0020014610B5A5
:106F8000052000070B00FFF7C0F80504080F1216D4
:106F90000E00012189030A4800E00821FAF798F859
:106FA000002806D0002010BD02210648F6E7042183
:106FB000F4E7012010BD0121FAF78AF810BD0000A6
:106FC000000800500004005010B50520F9F742FFFA
:106FD00010BD704770B50524012224079102204698
:106FE000FAF77BF80520F9F735FFFF25154E013537
:106FF000002229463046FAF770F80220F9F72AFFF6
:10700000012229463046FAF768F80220F9F722FFF4
:10701000012251022046FAF760F80520F9F71AFF1D
:10702000002229463046FAF758F80220F9F712FFF5
:10703000012229463046FAF750F80220F9F70AFFF4
:1070400070BD00000004005070B5FFF7C3FF0120C1
:10705000F9F700FF05263607002401213046FAF72C
:1070600037F800281BD01B4908680425284308600E
:107070006420F9F7EFFE06E0641CE4B26420F9F73F
:10708000E9FE0A2C0BD201213046FAF721F800283C
:10709000F2D10A2C03D210480570FFF79AFF642042
:1070A000F9F7D8FE0D48FFF78FFFFFF7BBFC0C4840
:1070B000FFF77CFD0A220A490A48F9F773F81F21F5
:1070C0000320FFF74DFFFCF7ADFDFDF7EFF9FDF7EE
:1070D00037FA70BD007000401A000020140900202B
:1070E000500F00205A0F002070B50C46064615467A
:1070F00004211046F9F76FF8002C06D0012C0AD0B5
:10710000022C0DD0032C19D11AE032460FA12846CB
:10711000FEF7B8FF12E03046F9F7F0FA0C4903E049
:107120003046F9F7EBFA0B49F9F718F9F9F711FBC3
:1071300002460B4608A12846FEF7A4FF284670BD6C
:107140003046F9F7DBFA0549EEE700002564000058
:10715000000020410000C8422567000000007A447A
:1071600010B5044610210548F9F735F8224604A168
:107170000248FEF787FF014810BD0000640F0020A1
:107180002564000070B50D46044604212846F9F731
:1071900022F8224602A12846FEF774FF284670BD59
:1071A000256400000000000000000000010203044C
:1071B00006070809030406080C1018203000000018
:1071C0000000000000002F00000000070007000082
:1071D000147F147F1400242A7F2A1200626408138B
:1071E0002300364955225000000503000000001C12
:1071F000224100000041221C000014083E08140037
:1072000008083E0808000000A06000000808080800
:1072100008000060600000002010080402003E51D9
:1072200049453E0000427F4000004261514946000E
:107230002141454B31001814127F10002745454568
:1072400039003C4A494930000171090503003649BB
:1072500049493600064949291E000036360000001B
:1072600000563600000008142241000014141414C3
:10727000140000412214080002015109060032499D
:1072800059513E007C1211127C007F494949360059
:107290003E41414122007F4141221C007F49494932
:1072A00041007F09090901003E4149497A007F08F0
:1072B00008087F0000417F4100002040413F01005D
:1072C0007F08142241007F40404040007F020C02B2
:1072D0007F007F0408107F003E4141413E007F094E
:1072E000090906003E4151215E007F091929460027
:1072F00046494949310001017F0101003F404040BA
:107300003F001F2040201F003F4038403F006314D3
:1073100008146300070870080700615149454300DD
:10732000007F41410000552A552A55000041417F08
:1073300000000402010204004040404040000001FF
:10734000020400002054545478007F48444438001C
:10735000384444442000384444487F00385454544E
:107360001800087E0901020018A4A4A47C007F086C
:107370000404780000447D4000004080847D0000CB
:107380007F102844000000417F4000007C04180466
:1073900078007C0804047800384444443800FC2415
:1073A0002424180018242418FC007C080404080075
:1073B000485454542000043F444020003C404020A6
:1073C0007C001C2040201C003C4030403C004428F5
:1073D000102844001CA0A0A07C004464544C44002D
:1073E00000007E8000000000FF000000807E0000A2
:1073F000000008081010000000000000000000005D
:1074000000000000000000003E000000000000013D
:10741000000000000E02000E02000000000000004C
:10742000000050F856F8560000030003000000006A
:10743000D8A4A66400000000000300000000242A75
:10744000A45090000000000001000000C0304888F7
:107450004000000001010001000000001E000000CB
:1074600000000000000000000000F806000000001E
:107470000001060000000006F80000000000060100
:107480000000000004340E3404000000000000007E
:1074900000202020FC20202000000001000000002F
:1074A0000000808000000000060300000000202093
:1074B000202020000000000000000000008080006C
:1074C00000000000010100000000008060180600BC
:1074D0000002010000000000FC020202FC000000AB
:1074E0000101010000000002FE0000000001010196
:1074F00001010000844222128C00000101010101FF
:10750000000084021212EC000000010101000000E2
:10751000605844FE40000000000101010000801E90
:107520001212E2000000010101000000F814121222
:10753000E2000000010101000000060282720E005C
:107540000000000100000000EC121212EC0000002C
:107550000101010000001C2222A27C0000010101A7
:1075600000000000009898000000000001010000E9
:1075700000000000989800000000030100000020B7
:107580005050880404000000000001010000505029
:1075900050505000000000000000000404885050CB
:1075A0002000010100000000000000084424180031
:1075B0000000010100000000FE0131497E000001D1
:1075C000020202010000C07A4678C00001010100F9
:1075D00001010102FE121212EC0001010101010081
:1075E0000000FC020202860000000101010000020E
:1075F000FE02028478000101010100000002FE1277
:107600003A028600010101010101000002FE123A66
:1076100002060001010100000000FC020222E62037
:107620000000010101000002FE121012FE02010121
:107630000100010101000202FE020200000101013D
:1076400001010000E00202FE020000000101000052
:107650000002FE22304A8602010101000001010001
:1076600002FE0200C0000001010101010002FE0E45
:10767000300EFE020101010001010102FE0E7082C6
:10768000FE020101010001010000FC020202FC00F7
:10769000000001010100000002FE22221C00000186
:1076A000010100000000FC020202FC0000000103D6
:1076B00003020002FE2222629C0001010100000080
:1076C00001008C921214E600000100010100000686
:1076D0000202FE0202060000010101000002FE0299
:1076E0000002FE0200000101010000020E72807221
:1076F0000E020000000100000002FE02F002FE0285
:1077000000000100010000028648304886020101A5
:10771000000000010102061AE01A06020000010141
:10772000010000008642320A8600000101010101C9
:10773000000000FE02020000000007040400000038
:10774000021C608000000000000003000000000236
:1077500002FE0000000004040700000010080608F4
:107760001000000000000000000000000000000009
:1077700008080808080808000000020400000000CB
:10778000000000000000D0282828F00000000101BF
:1077900001010102FE100808F000010101010100D1
:1077A0000000F00808089800000001010100000036
:1077B000F0080812FE000000010101010100F0289C
:1077C00028283000000001010101000008FC0A0A1D
:1077D0000A000001010101010000F0080810F8088A
:1077E0000000050505030002FE100808F000010175
:1077F0000100010101000808FA0000000001010178
:107800000101000008080AF8000000040404030055
:107810000002FE206898080001010001010100003B
:107820000002FE0000000001010101010008F8084B
:10783000F008F0000101010101010108F810080839
:10784000F0000101010001010100F0080808F0004A
:107850000000010101000008F8100808F00004070A
:10786000050101000000F0080810F80800000101FF
:107870000507040008F810080800000101010101D3
:10788000000090282828D800000101010100000014
:1078900008FC080808800000000101010008F80049
:1078A0000088F800000001010001010838C800C884
:1078B00038080000000100000008F808E008F80897
:1078C00000000100010000089860609808000101B4
:1078D000000001010008186880C838080004040787
:1078E00004000000984828188800000101010101E7
:1078F00000000040BC020000000000030400000083
:107900000000FE0000000000000300000000000274
:10791000BC40000000000403000000004020404084
:107920002000000000000000000000000000000037
:107930000000000000000000000000000000000047
:107940000000000000000000000000000000000037
:107950000000F8F800000000000000000000FF7FB9
:107960000000000000000000001C1C1C00000000C3
:1079700000000000F0F00000F0F000000000000047
:1079800001010000010000000000000000000000F4
:10799000000000000000000080F0000000F0F00097
:1079A00000C6C6C6FFC7C6C6F6FFC6C60000001F93
:1079B000070000101F000000000000C0E030F83099
:1079C00070E0C000000080870F0CFF3870E1C1003C
:1079D0000000030F0E187F181C0F07000000E03096
:1079E00030E0000000E0100000000F1818CF300C4D
:1079F000E33030E000000018060100010F18180FF6
:107A0000000000C0E0303030E08000000000E0F313
:107A10003F3CFCC68300E0600000070F0C181819FB
:107A20000F070F0C0000000000F0F0000000000045
:107A30000000000000010100000000000000000044
:107A400000000000000000000000000000000080B6
:107A5000E030180800000000000038FF01000000BE
:107A600000000000000000030E18302000000C1879
:107A700070C0000000000000000000000001FF00D6
:107A800000000000000060301C0701000000000042
:107A90000000C0800000F0F0000080C0000031193C
:107AA0001B0FFFFF0F1B193100000000000000003A
:107AB00000000000000000000000808000000000C6
:107AC000001010101010FFFF101010100000000028
:107AD00000000303000000000000000000000000A0
:107AE0000000000000000000000000000000000096
:107AF0000000005C3C0000000000000000000000EE
:107B00000000000000000000001010101010101005
:107B10001010101000000000000000000000000025
:107B20000000000000000000000000000000000055
:107B300000000000000000000000001C1C0000000D
:107B4000000000000000000000000000008060183D
:107B50000000000000C0300C070100000000180EFB
:107B60000300000000000000000000C0E0703030A2
:107B700060E0C0000000FFFF000000000001FFFE09
:107B8000000001070E0C18180C0F07000000000081
:107B900080C0E0F000000000000000030100FFFFD3
:107BA000000000000000000000000F0F00000000B7
:107BB000000080E06030303070E0C0000000010163
:107BC0000080C0E0381F07000000080E0F0B0908F6
:107BD00008080808000080C06030303030E0C00085
:107BE0000000010100001818387FE780000003073B
:107BF0000C1818180C0E070100000000000000C04F
:107C0000E0F000000080C0F0B88E8781FFFF808028
:107C100080010101010101010F0F0101010000E0DC
:107C2000E02020202020200000001C1F0D04040C58
:107C30000C3CF8C00001070E081818180C0F0700BC
:107C4000000000000000C0F0301000000000E0F86C
:107C50001E0F0D0C0C18F8F0000003070C18181874
:107C6000180C0F03000020202020202020A0E0601E
:107C7000000000000000E0F81E0701000000000006
:107C8000080F070000000000000080E06030303086
:107C900020E0C0000000E3FF3C1818183C3FE7C09C
:107CA0000000070F0C181818180C07030000C0E09C
:107CB0006030303060E0C00000021F3D306060E0A6
:107CC000F07F1F0300000000101C0F0301000000E4
:107CD00000000000000000000000000000000000A4
:107CE00000000C0C000000000000000000001C1C44
:107CF0000000000000000000000000000000000084
:107D00000000000000000C0C00000000000000005B
:107D100000007C1C0000000000000000000000804B
:107D2000C0602010000010386CC683010000000005
:107D30000000000000000103060C08100000000015
:107D4000000000000000000000C2C2C2C2C2C2C2E5
:107D5000C2C2C2C20000000000000000000000001B
:107D60000000302040808000000000000000000083
:107D700000000183C66C38100000180804020301DB
:107D800000000000000000C0E070303060E0C00083
:107D9000000001010000E0781C0F07000000000057
:107DA00000001C1C00000000000000C0202010107B
:107DB0001020408000788700FC0E01C1FF07807F03
:107DC0000000030409111110110901000000000056
:107DD00000C0F0F080000000000000E0FEDFC1C342
:107DE000FFFCC00000101F1F0100000000031F1E49
:107DF0001000F0F03030302060E0C0000000FFFFE5
:107E000018181818183FE7C300001F1F1818181873
:107E10000C0E0F03000000C0E06030303060C08006
:107E20000000FFFF010000000000C3C300000107C5
:107E30000F0C1818180E07030000F0F03020206017
:107E4000E0C080000000FFFF000000000083FFFE94
:107E500000001F1F1818080C0E0703000000F0F0A8
:107E600030303030303030000000FFFF1818181864
:107E70001818180000001F1F1818181818181818BC
:107E80000000F0F030303030303030300000FFFF94
:107E9000101010101010000000001F1F0000000044
:107EA00000000000000000C0E060303060E0C00072
:107EB0000000FFFF010000303031F3F30000010744
:107EC0000F0C1818080E1F1F0000F0F00000000033
:107ED0000000F0F00000FFFF181818181818FFFF36
:107EE00000001F1F0000000000001F1F0000000016
:107EF0000000F0F000000000000000000000FFFFA4
:107F0000000000000000000000001F1F0000000033
:107F1000000000000000000000F0F0F00000C0C011
:107F20000000000000FFFF7F000003070E1C181870
:107F30000C0F07000000F0F000000080C0E03010DF
:107F40000000FFFF381C3FF3E180000000001F1F0E
:107F500000000000030F1E180000F0F000000000F9
:107F6000000000000000FFFF000000000000000013
:107F700000001F1F18181818181818180000F0F023
:107F8000F000000080F0F0F00000FFFF0FFFE0E0E5
:107F9000FF07FFFF00001F1F00011F1F00001F1F22
:107FA0000000F0F0E08000000000F0F00000FFFFB3
:107FB000030F3CF0C000FFFF00001F1F0000000087
:107FC000071F1F1F000080C0E070303060E0C0005D
:107FD0000000FFFF000000000001FFFF000003079A
:107FE0000E1C18180C0F07010000F0F03030302084
:107FF0006060C0800000FFFF3030303030381F0F2D
:1080000000001F1F0000000000000000000080C0F2
:10801000E070303060E0C0000000FFFF0000008032
:108020008001FFFF000003070E1C18190F1F1F011E
:108030000000F0F03030302060E0C0800000FFFF32
:1080400030303070F89C0F0700001F1F0000000048
:10805000010F1E18000080C0E030303060E0C0002A
:10806000000083870E1C18383071E1C00000070F34
:108070000C181818180E0703000030303030F0F0DC
:1080800030303030000000000000FFFF0000000032
:108090000000000000001F1F000000000000F0F0C2
:1080A000000000000000F0F00000FFFF00000000F2
:1080B0000000FFFF0000030F0C1818181C0E0F0320
:1080C0000030F0E0000000000080F0F00000011F30
:1080D000FFF00080F87F07000000000000071F1F6E
:1080E0000300000000F0F0000080F0F00000F0F06D
:1080F0001000FFFFC0FF031FFEC0FF1F0000001F96
:108100001F0100000F1F0F00000030F0E000000012
:1081100080E070100000000083EF7C7EE7810000AB
:1081200000101C1F07010000010F1E18001070F046
:108130008000000000C0F03000000001071EF8FCC5
:108140000F0300000000000000001F1F00000000DF
:10815000000030303030303030F0F03000000000BF
:10816000C0E0781E0703000000001C1F1B18181831
:1081700018181818000000000000FC0C0C0C0C0C67
:10818000000000000000FF000000000000000000F0
:1081900000007F606060606000001070C000000040
:1081A0000000000000000000030F78E00000000065
:1081B0000000000000000001073C600000000C0C03
:1081C0000C0CFCFC00000000000000000000FFFFA1
:1081D000000000000000606060607F7F0000000021
:1081E00000002030180C040C1C18200000000000B7
:1081F000000000000000000000000000000000007F
:10820000000000000000000000000000000000006E
:1082100000000000000000000000000000808080DE
:1082200080808080808080808000000000040C3886
:10823000300000000000000000000000000000000E
:10824000000000000000000000000000000000002E
:108250000000000000000000000000989CCCCCCC86
:108260004CFCF8000000070F191818080C0F1F101D
:108270000000F0F000000000000000000000FFFF20
:10828000180C040C0C7CF8C000001F1F0C081818F8
:108290001C0F0701000000000000000000000000AB
:1082A0000000F0F81C0C0C0C0C3C3800000003071C
:1082B0000C181818180E070300000000000000003A
:1082C00000F0F0000000F0F81C0C040C0CFFFF00A4
:1082D0000000030F0C1818180C1F1F0000000000EE
:1082E00000000000000000000000E0F85C4C444486
:1082F0004C7C7840000003070C181818180E060272
:108300000000000000C0E0203030306000000C0CA5
:108310000CFFFF0C0C0C0C0000000000001F1F00E5
:10832000000000000000000000000000000000004D
:10833000000000F8FC8C048CFCFC0404000072F7C4
:10834000CD8D8D8D89C878300000F0F000000000E0
:10835000000000000000FFFF30080C040C1CF8E0D7
:1083600000001F1F0000000000001F1F0000000091
:108370000000606000000000000000000000FCFC45
:10838000000000000000000000001F1F00000000AF
:10839000000000000000000060600000000000001D
:1083A00000000000FCFC0000000000C0C0C0C0C015
:1083B0007F3F00000000F0F000000000000000001F
:1083C0000000FFFFC0E070F89C0C040000001F1FBD
:1083D00001000001030E1C10000000000000F0F07E
:1083E00000000000000000000000FFFF000000008F
:1083F0000000000000001F1F00000000000000003F
:10840000000000000000000000FCFC180C0CFCF850
:10841000080C0CFC001F1F0000001F1F0000001FA5
:108420000000000000000000000000000000FCFC54
:1084300030080C040C1CF8E000001F1F00000000B6
:1084400000001F1F000000000000000000000000EE
:108450000000F0F81C0C0C0C0C18F8E000000307EE
:108460000C1818180C0E0703000000000000000094
:10847000000000000000FCFC180C0C0C0C78F8C08C
:108480000000FFFF0C0818181C0F07010000000077
:1084900000000000000000000000F0F81C0C0C0CB4
:1084A0000CFCFC000000030F0C1818180CFFFF0058
:1084B000000000000000000000000000000000FCC0
:1084C000FC7018080C0C00000000001F1F000000CA
:1084D000000000000000000000000000000000009C
:1084E000000000787CCCC4C48C9C18000000000EF6
:1084F0000C181818180F0F000000000000C0C00072
:108500000000000000000C0C0CFFFF0C0C0C0C0019
:108510000000000000070F181818180000000000E5
:1085200000000000000000000000FCFC0000000053
:108530000000FCFC0000070F1C1818080C071F1F88
:1085400000000000000000000000000000000C7CA3
:10855000F0800000C0F83C0400000000010F1C1E69
:108560000700000000000000000000000000000004
:10857000000CFCE000F03CFCC000FC7C0000001F94
:108580001E0700001F1F0700000000000000000081
:10859000000000000000040C1CF0E0E0381C0400A7
:1085A0000000101C0E030103070E1810000000004D
:1085B000000000000000000000000C7CF0800000C3
:1085C000C0F83C04000000C0C1CF7E3E07000000A0
:1085D0000000000000000000000000000000000C8F
:1085E0000C8CCCEC3C1C0C000000181C1F1B191838
:1085F000181818000000000000000000FC0C040027
:108600000000000000001038FF0000000000000023
:10861000000000007F604000000000000000FFFF3D
:1086200000000000000000000000FFFF000000004C
:10863000000000000000FFFF000000000000040434
:10864000FCF800000000000000000000CFFF300038
:1086500000000000000040407F3F000000000000DC
:108660000000080C0606060C18180C060000000096
:1086700000000000000000000000000000000000FA
:108680000000000000000000309100080000000021
:1086900000000000000000000000000000000000DA
:1086A0000000000000000000A09100080000000091
:1086B00000000000000000000000000000000000BA
:1086C00000000000000000006C910008548F0008BA
:1086D000000000000000000000000000000000009A
:1086E0000000000000000000FCFEFF3F1F0F07031A
:1086F000030101010101010101010101010307075A
:108700000F1F3FFFFEFCFF0100000000FCFCFCFC13
:108710000000000000FCFCFC0000FCFCFCFC000075
:10872000000003FFFFF0C000000003070F1F3E3CE6
:108730003C3C1E1F0F0300001F3F3F1F000000C0F6
:10874000F0FFCFDFFFFFFEFCF8F8F0F0E0E0E0E044
:10875000E0E0E0E0E0E0F0F0F8F8FCFEFFFFDFCF63
:10876000FCFE7F3F1F0F07038381010181E1E1E1EF
:10877000E1810181818303070F1F3F7FFEFCFF0121
:10878000000000E0E0F3FFFF3F0F070703030707C8
:108790000F3FFFFFF7E0E000000001FFFFE0800077
:1087A0000001013B7F7F7F3C78F8F0F0F8783C3F98
:1087B0007F7F330101000080E0FFCFDFFFFFFEFC81
:1087C000F8F0F0E0E0E0E0E1E1E1E1E0E0E0E0F05D
:1087D000F0F8FCFCFFFFDFCFFCFE07F3FBFBFBFB2D
:1087E000FBFBFBFBFBFB0303FBFBFBFBFBFBFBFBC9
:1087F000FBFBF307FEFCFFFF003F3F3F3F3F3F3FD8
:108800003FBF3F7F20088F0761303638393939390B
:108810003900FFFFFFFF00E7E7E7E7E7C7DBC3E15A
:10882000F8FC0401FFFFFFFFFFFFFFFFFFFFFF005A
:10883000FFFFCFDFF8F3F7F7F7F7F7F7F7F7F7F7FB
:10884000F0F0F7F7F7F7F7F7F7F7F7F7F3F8DFCF09
:10885000C4910008000000000000000000000000BB
:108860000000000000000000000000000000000008
:10887000BC910008000000000000000000000000A3
:1088800000000000000000000000000000000000E8
:10889000E49100080000000000000000000000005B
:1088A00000000000000000000000000000000000C8
:1088B000849100080000000000000000000000009B
:1088C00000000000000000000000000000000000A8
:1088D000AC91000800000000000000000000000053
:1088E0000000000000000000000000000000000088
:1088F0000000000000000000000000000000000078
:108900000000000000000000000000000000000067
:108910000000000000000000000000000000000057
:108920000000000000000000000000000000000047
:108930000000000000000000000000000000000037
:108940000000000000000000000000000000000027
:10895000B4910008000000000000000000000000CA
:108960000000000000000000000000000000000007
:10897000D48F0008000000000000000040E2010069
:1089800000000000E05EF8FF20A1070000010000E9
:108990003C90000800000000000000000000000003
:1089A00000000000000000000F2700000000000091
:1089B000A48F000800000000000000000A00000072
:1089C0000A0000009CFFFFFF95000000000000006F
:1089D0000C900008000000000000000014000000DF
:1089E000050000000000000064000000000000001E
:1089F000948F000800000000000000007B000000D1
:108A00000000000000000000000000000000000066
:108A1000FC8F00080000000000000000D7110000DB
:108A20000000000000000000000000000002000044
:108A3000C48F0008388F000800000000000000000C
:108A40000000000000000000000000000000000026
:108A50002C900008148F00080000000000000000A7
:108A60000000000000000000000000000000000006
:108A7000B48F0008E490000800000000000000002F
:108A800001000000000000000000000000000000E5
:108A90001C900008D89000080000000000000000B2
:108AA00001000000000000000000000000000000C5
:108AB000E48F00080000000000000000000000003B
:108AC00001000000000000000000000000000000A5
:108AD0004C900008000000000000000000000000B2
:108AE0000100000000000000000000000000000085
:108AF000CC91000800000000000000000000000011
:108B00000000000000000000000000000000000065
:108B10007491000800000000000000000000000048
:108B20000000000000000000000000000000000045
:108B30005C91000800000000000000000000000040
:108B40000000000000000000000000000000000025
:108B5000D8910008000000000000000000000000A4
:108B60000000000000000000000000000000000005
:108B7000F48F000800000000000000000100000069
:108B800001000000000000000000000000000000E4
:108B900070900008000000000000000000000000CD
:108BA00001000000000000000000000000000000C4
:108BB00078900008000000000000000000000000A5
:108BC00001000000000000000000000000000000A4
:108BD000809000080000000000000000000000007D
:108BE0000100000000000000000000000000000084
:108BF0008890000800000000000000000000000055
:108C00000100000000000000000000000000000063
:108C10005C90000800000000000000000000000060
:108C20000000000000000000000000000000000044
:108C3000008F00080000000000000000000000009D
:108C40000000000000000000000000000000000024
:108C50008C910008000000000000000000000000EF
:108C60000000000000000000000000000000000004
:108C7000A8900008000000000000000000000000B4
:108C800000000000000000000000000000000000E4
:108C90009C900008000000000000000000000000A0
:108CA00000000000000000000000000000000000C4
:108CB000F08E00080000000000000000000000002E
:108CC00000000000000000000000000000000000A4
:108CD000788F000800000000000000000000000085
:108CE0000000000000000000000000000000000084
:108CF000848F000800000000000000000000000059
:108D00000000000000000000000000000000000063
:108D1000209100080000000000000000000000009A
:108D20000000000000000000000000000000000043
:108D30003C9100080000000000000000000000005E
:108D40000000000000000000000000000000000023
:108D5000B8900008000000000000000000000000C3
:108D60000000000000000000000000000000000003
:108D700090900008000000000000000000000000CB
:108D800000000000000000000000000000000000E3
:108D9000C890000800000000000000000000000073
:108DA00000000000000000000000000000000000C3
:108DB000788F0008000000000000000000000000A4
:108DC00000000000000000000000000000000000A3
:108DD000848F000800000000000000000000000078
:108DE0000000000000000000000000000000000083
:108DF0000C910008000000000000000000000000CE
:108E00000000000000000000000000000000000062
:108E10004C9100080000000000000000000000006D
:108E20000000000000000000000000000000000042
:108E300000FEFFFFFFFEFCF8F0E0C0800000000035
:108E4000007FFFFFFF7F3F1F0F07030100000000AF
:108E500000FE010101020408102040800000000013
:108E6000007F808080402010080402010000000084
:108E700000FEFFFFFFFEFCF8F0E0C0FFFFFF000078
:108E8000007FFFFFFF7F3F1F0F0703FFFFFF000073
:108E900000FE0101010204081020407F01FF0000D4
:108EA000007F808080402010080402FE80FF0000C8
:108EB0000000FFFFFFC0E0F0F8FCFEFFFFFFFE0038
:108EC0000000FFFFFF03070F1F3F7FFFFFFF7F0033
:108ED0000000FF017F402010080402010101FE0094
:108EE0000000FF80FE0204081020408080807F0088
:108EF0002D204769746875622055524C3A20000055
:108F00002D205468616E6B7320666F7220746865E3
:108F10002000000020202020494E464F0A54686956
:108F20007320697320610A696E666F2077696E200D
:108F3000746573742100000054686973206973209C
:108F4000610A696E666F2077696E2074657374219B
:108F500000000000202020205741524E494E470A71
:108F60005468697320697320610A696E666F2074A2
:108F70006573742100000000402068747470733AB7
:108F80002F2F000020206769746875622E636F6D53
:108F90002F0000003D2066697865642076616C20B2
:108FA000310000007E20736C6964652076616C205E
:108FB000310000002320636F6E6620746573742097
:108FC000310000002120496E666F207465737420A3
:108FD0003100000025207370696E20626F782031A7
:108FE0000000000040204F7074696F6E20626F783F
:108FF0002031000023207465737431003D206669C0
:109000007865642076616C20320000007E20736CED
:109010006964652076616C20320000002320636F54
:109020006E66207465737420320000002120496E42
:10903000666F207465737420320000002520737001
:10904000696E20626F7820320000000040204F706F
:1090500074696F6E20626F78203200002D20467296
:109060006F6D20576F756F5549312E32000000002B
:109070002320746573743200402074657374330068
:109080004020746573743400402074657374350037
:1090900040203637393730333531390040203931C7
:1090A0003832343339000000212042696C6962692A
:1090B0006C69205549443A002D204D7942696C690C
:1090C0006C69205549443A002D20476974687562DF
:1090D0002055524C3A000000202020205741524E8B
:1090E000494E470A5375726520746F20656E616240
:1090F0006C650A2F64697361626C65207468650A27
:1091000066756E6374696F6E3F00000020205368BF
:109110006565703131382F576F756F554900000004
:10912000202052514E472F576F756F554900000050
:109130002B20506C6179696E670000002D20506112
:1091400067652056657273696F6E000020202D5090
:1091500061676556657273696F6E00002B20506100
:1091600067652076657273696F6E00002120496E15
:10917000666F00002B2041626F757420776F756FEA
:1091800000000000766F6C700000000020206F72FD
:109190006967696E616C20617574686F72000000A8
:1091A0002B2053657474696E67730000766F6C735F
:1091B000000000002D204C69737400006E65787407
:1091C0000000000070726576000000002B205261E4
:1091D00064696F20626F78002D20526164696F208E
:1091E000626F7800706C6179000000000C920008DA
:1091F00000000020A0060000D8090008B492000872
:10920000A0060020001400007861000832019204DA
:109210000211205A2C151280D24029380B11540209
:1092200031A162436B804230011402F90A127812B4
:10923000201204127C1210B23013FD451408E946C6
:109240001B087104012A3264120EF27213B1371432
:1092500008A1381B08150409162413753A1408319F
:109260003B1B08D50829243A2C24120AB23613A92C
:10927000481408B94A0C2408C549941203123C5AF0
:109280002802120A3214150101BD711308443A066E
:109290004113F7731508C80207320C1B29790C1308
:1092A000040C4218220103FFAA5501FF01FF01FF30
:0492B00001120000A7
:04000005080000C12E
:00000001FF
